-- MySQL dump 10.10
--
-- Host: localhost    Database: p3
-- ------------------------------------------------------
-- Server version	5.0.27-community-nt

/*!40101 SET @OLD_CHARACTER_SET_CLIENT=@@CHARACTER_SET_CLIENT */;
/*!40101 SET @OLD_CHARACTER_SET_RESULTS=@@CHARACTER_SET_RESULTS */;
/*!40101 SET @OLD_COLLATION_CONNECTION=@@COLLATION_CONNECTION */;
/*!40101 SET NAMES utf8 */;
/*!40103 SET @OLD_TIME_ZONE=@@TIME_ZONE */;
/*!40103 SET TIME_ZONE='+00:00' */;
/*!40014 SET @OLD_UNIQUE_CHECKS=@@UNIQUE_CHECKS, UNIQUE_CHECKS=0 */;
/*!40014 SET @OLD_FOREIGN_KEY_CHECKS=@@FOREIGN_KEY_CHECKS, FOREIGN_KEY_CHECKS=0 */;
/*!40101 SET @OLD_SQL_MODE=@@SQL_MODE, SQL_MODE='NO_AUTO_VALUE_ON_ZERO' */;
/*!40111 SET @OLD_SQL_NOTES=@@SQL_NOTES, SQL_NOTES=0 */;

--
-- Table structure for table `alladin1460`
--

DROP TABLE IF EXISTS `alladin1460`;
CREATE TABLE `alladin1460` (
  `PointNo` double(15,5) default NULL,
  `Time` varchar(255) default NULL,
  `Depth` double(15,5) default NULL,
  `AirConsumption` double(15,5) default NULL,
  `TankAir` double(15,5) default NULL,
  `Tissue1` double(15,5) default NULL,
  `Tissue2` double(15,5) default NULL,
  `Tissue3` double(15,5) default NULL,
  `Tissue4` double(15,5) default NULL,
  `Tissue5` double(15,5) default NULL,
  `Tissue6` double(15,5) default NULL,
  `Tissue7` double(15,5) default NULL,
  `Tissue8` double(15,5) default NULL
) ENGINE=InnoDB DEFAULT CHARSET=latin1;

--
-- Dumping data for table `alladin1460`
--

LOCK TABLES `alladin1460` WRITE;
/*!40000 ALTER TABLE `alladin1460` DISABLE KEYS */;
INSERT INTO `alladin1460` VALUES (1.00000,'00\'00\"',1.30000,0.00000,0.00000,0.79000,0.79000,0.78000,0.79000,0.79000,0.79000,0.79000,0.79000),(2.00000,'00\'20\"',3.30000,0.00000,0.00000,0.79000,0.79000,0.79000,0.79000,0.79000,0.79000,0.79000,0.79000),(3.00000,'00\'40\"',3.30000,0.00000,0.00000,0.81000,0.80000,0.79000,0.79000,0.79000,0.79000,0.79000,0.79000),(4.00000,'01\'00\"',6.30000,12.80000,102.80000,0.82000,0.81000,0.80000,0.79000,0.79000,0.79000,0.79000,0.79000),(5.00000,'01\'20\"',11.90000,12.80000,102.80000,0.85000,0.82000,0.81000,0.80000,0.79000,0.79000,0.79000,0.79000),(6.00000,'01\'40\"',18.60000,12.80000,102.80000,0.91000,0.85000,0.82000,0.81000,0.80000,0.79000,0.79000,0.79000),(7.00000,'02\'00\"',26.70000,12.80000,100.80000,1.00000,0.90000,0.85000,0.82000,0.80000,0.80000,0.79000,0.79000),(8.00000,'02\'20\"',32.20000,12.80000,100.80000,1.12000,0.96000,0.88000,0.84000,0.81000,0.80000,0.80000,0.79000),(9.00000,'02\'40\"',33.30000,12.80000,100.80000,1.26000,1.04000,0.92000,0.86000,0.82000,0.81000,0.80000,0.79000),(10.00000,'03\'00\"',32.80000,12.80000,97.00000,1.40000,1.12000,0.96000,0.88000,0.83000,0.81000,0.80000,0.80000),(11.00000,'03\'20\"',30.60000,12.80000,97.00000,1.53000,1.19000,1.00000,0.90000,0.84000,0.82000,0.80000,0.80000),(12.00000,'03\'40\"',29.50000,12.80000,97.00000,1.64000,1.26000,1.04000,0.92000,0.85000,0.82000,0.81000,0.80000),(13.00000,'04\'00\"',29.10000,12.80000,93.40000,1.73000,1.32000,1.07000,0.94000,0.86000,0.83000,0.81000,0.80000),(14.00000,'04\'20\"',25.20000,12.80000,93.40000,1.82000,1.38000,1.11000,0.95000,0.87000,0.83000,0.81000,0.80000),(15.00000,'04\'40\"',22.20000,12.80000,93.40000,1.88000,1.42000,1.13000,0.97000,0.88000,0.84000,0.81000,0.80000),(16.00000,'05\'00\"',19.40000,12.80000,90.70000,1.92000,1.46000,1.16000,0.98000,0.89000,0.84000,0.81000,0.80000),(17.00000,'05\'20\"',16.90000,12.80000,90.70000,1.95000,1.49000,1.18000,0.99000,0.89000,0.84000,0.82000,0.80000),(18.00000,'05\'40\"',15.90000,12.80000,90.70000,1.96000,1.51000,1.19000,1.00000,0.90000,0.85000,0.82000,0.80000),(19.00000,'06\'00\"',13.30000,12.80000,88.60000,1.97000,1.53000,1.21000,1.01000,0.90000,0.85000,0.82000,0.80000),(20.00000,'06\'20\"',10.60000,12.80000,88.60000,1.96000,1.54000,1.22000,1.02000,0.91000,0.85000,0.82000,0.81000),(21.00000,'06\'40\"',9.70000,12.80000,88.60000,1.94000,1.54000,1.22000,1.02000,0.91000,0.85000,0.82000,0.81000),(22.00000,'07\'00\"',8.10000,12.80000,86.90000,1.91000,1.54000,1.23000,1.03000,0.91000,0.85000,0.82000,0.81000),(23.00000,'07\'20\"',5.80000,12.80000,86.90000,1.88000,1.54000,1.23000,1.03000,0.92000,0.85000,0.82000,0.81000),(24.00000,'07\'40\"',3.10000,12.80000,86.90000,1.84000,1.53000,1.23000,1.03000,0.92000,0.86000,0.82000,0.81000),(25.00000,'08\'00\"',0.00000,0.00000,86.90000,1.79000,1.51000,1.23000,1.03000,0.92000,0.86000,0.82000,0.81000),(26.00000,'08\'20\"',0.00000,0.00000,86.90000,1.72000,1.49000,1.22000,1.03000,0.92000,0.86000,0.82000,0.81000),(27.00000,'08\'40\"',0.00000,0.00000,86.90000,1.66000,1.47000,1.21000,1.03000,0.92000,0.86000,0.82000,0.81000),(28.00000,'09\'00\"',0.00000,0.00000,86.90000,1.61000,1.44000,1.21000,1.03000,0.92000,0.85000,0.82000,0.81000),(29.00000,'09\'20\"',0.00000,0.00000,86.90000,1.56000,1.42000,1.20000,1.02000,0.92000,0.85000,0.82000,0.81000),(30.00000,'09\'40\"',0.00000,0.00000,86.90000,1.51000,1.40000,1.19000,1.02000,0.91000,0.85000,0.82000,0.81000),(31.00000,'10\'00\"',0.80000,12.80000,86.00000,1.46000,1.38000,1.19000,1.02000,0.91000,0.85000,0.82000,0.81000),(32.00000,'10\'20\"',0.60000,12.80000,86.00000,1.42000,1.36000,1.18000,1.02000,0.91000,0.85000,0.82000,0.81000),(33.00000,'10\'40\"',0.00000,12.80000,86.00000,1.38000,1.35000,1.18000,1.02000,0.91000,0.85000,0.82000,0.81000),(34.00000,'11\'00\"',0.00000,0.00000,86.00000,1.34000,1.33000,1.17000,1.02000,0.91000,0.85000,0.82000,0.81000),(35.00000,'11\'20\"',0.00000,0.00000,86.00000,1.31000,1.31000,1.16000,1.01000,0.91000,0.85000,0.82000,0.81000),(36.00000,'11\'40\"',0.00000,0.00000,86.00000,1.28000,1.29000,1.16000,1.01000,0.91000,0.85000,0.82000,0.81000),(37.00000,'12\'00\"',0.00000,0.00000,86.00000,1.24000,1.28000,1.15000,1.01000,0.91000,0.85000,0.82000,0.81000),(38.00000,'12\'20\"',0.00000,0.00000,86.00000,1.21000,1.26000,1.14000,1.01000,0.91000,0.85000,0.82000,0.81000),(39.00000,'12\'40\"',0.00000,0.00000,86.00000,1.19000,1.25000,1.14000,1.01000,0.91000,0.85000,0.82000,0.81000),(40.00000,'13\'00\"',2.50000,12.80000,85.10000,1.16000,1.23000,1.13000,1.00000,0.91000,0.85000,0.82000,0.81000),(41.00000,'13\'20\"',7.50000,12.80000,85.10000,1.15000,1.22000,1.13000,1.00000,0.91000,0.85000,0.82000,0.81000),(42.00000,'13\'40\"',15.20000,12.80000,85.10000,1.17000,1.23000,1.14000,1.01000,0.91000,0.85000,0.82000,0.81000),(43.00000,'14\'00\"',24.20000,12.80000,83.50000,1.22000,1.25000,1.15000,1.02000,0.92000,0.86000,0.82000,0.81000),(44.00000,'14\'20\"',30.50000,12.80000,83.50000,1.31000,1.30000,1.17000,1.03000,0.92000,0.86000,0.83000,0.81000),(45.00000,'14\'40\"',30.60000,12.80000,83.50000,1.44000,1.36000,1.21000,1.05000,0.93000,0.87000,0.83000,0.81000),(46.00000,'15\'00\"',33.30000,12.80000,79.80000,1.55000,1.42000,1.24000,1.07000,0.94000,0.87000,0.83000,0.81000),(47.00000,'15\'20\"',38.90000,12.80000,79.80000,1.67000,1.49000,1.28000,1.09000,0.95000,0.88000,0.83000,0.81000),(48.00000,'15\'40\"',40.20000,12.80000,79.80000,1.81000,1.57000,1.32000,1.11000,0.97000,0.88000,0.84000,0.81000),(49.00000,'16\'00\"',39.70000,12.80000,75.40000,1.95000,1.65000,1.36000,1.13000,0.98000,0.89000,0.84000,0.82000),(50.00000,'16\'20\"',40.60000,12.80000,75.40000,2.08000,1.72000,1.41000,1.16000,0.99000,0.90000,0.84000,0.82000),(51.00000,'16\'40\"',40.90000,12.80000,75.40000,2.20000,1.79000,1.45000,1.18000,1.00000,0.90000,0.85000,0.82000),(52.00000,'17\'00\"',40.80000,12.80000,70.80000,2.32000,1.87000,1.49000,1.20000,1.02000,0.91000,0.85000,0.82000),(53.00000,'17\'20\"',40.60000,12.80000,70.80000,2.43000,1.94000,1.53000,1.23000,1.03000,0.91000,0.85000,0.82000),(54.00000,'17\'40\"',40.60000,12.80000,70.80000,2.53000,2.01000,1.57000,1.25000,1.04000,0.92000,0.86000,0.82000),(55.00000,'18\'00\"',39.80000,12.80000,66.20000,2.62000,2.07000,1.61000,1.27000,1.05000,0.93000,0.86000,0.83000),(56.00000,'18\'20\"',38.40000,12.80000,66.20000,2.71000,2.13000,1.65000,1.29000,1.06000,0.93000,0.86000,0.83000),(57.00000,'18\'40\"',38.10000,12.80000,66.20000,2.78000,2.19000,1.69000,1.31000,1.08000,0.94000,0.87000,0.83000),(58.00000,'19\'00\"',38.80000,12.80000,61.90000,2.85000,2.24000,1.72000,1.34000,1.09000,0.95000,0.87000,0.83000),(59.00000,'19\'20\"',39.20000,12.80000,61.90000,2.91000,2.29000,1.76000,1.36000,1.10000,0.95000,0.87000,0.83000),(60.00000,'19\'40\"',38.80000,12.80000,61.90000,2.97000,2.35000,1.79000,1.38000,1.11000,0.96000,0.88000,0.83000),(61.00000,'20\'00\"',40.30000,12.80000,57.40000,3.03000,2.40000,1.83000,1.40000,1.12000,0.96000,0.88000,0.84000),(62.00000,'20\'20\"',41.30000,12.80000,57.40000,3.09000,2.45000,1.86000,1.42000,1.13000,0.97000,0.88000,0.84000),(63.00000,'20\'40\"',41.30000,12.80000,57.40000,3.15000,2.50000,1.90000,1.44000,1.15000,0.98000,0.89000,0.84000),(64.00000,'21\'00\"',41.10000,12.80000,52.80000,3.21000,2.55000,1.93000,1.46000,1.16000,0.98000,0.89000,0.84000),(65.00000,'21\'20\"',41.40000,12.80000,52.80000,3.26000,2.60000,1.97000,1.48000,1.17000,0.99000,0.89000,0.84000),(66.00000,'21\'40\"',41.60000,12.80000,52.80000,3.32000,2.65000,2.00000,1.51000,1.18000,1.00000,0.90000,0.84000),(67.00000,'22\'00\"',38.80000,12.80000,48.30000,3.37000,2.69000,2.04000,1.53000,1.19000,1.00000,0.90000,0.85000),(68.00000,'22\'20\"',35.90000,12.80000,48.30000,3.40000,2.73000,2.07000,1.55000,1.21000,1.01000,0.90000,0.85000),(69.00000,'22\'40\"',34.40000,12.80000,48.30000,3.41000,2.76000,2.09000,1.56000,1.22000,1.01000,0.90000,0.85000),(70.00000,'23\'00\"',32.00000,12.80000,44.50000,3.42000,2.79000,2.12000,1.58000,1.22000,1.02000,0.91000,0.85000),(71.00000,'23\'20\"',27.70000,12.80000,44.50000,3.41000,2.80000,2.14000,1.59000,1.23000,1.02000,0.91000,0.85000),(72.00000,'23\'40\"',25.50000,12.80000,44.50000,3.38000,2.81000,2.15000,1.61000,1.24000,1.03000,0.91000,0.85000),(73.00000,'24\'00\"',21.90000,12.80000,41.60000,3.35000,2.81000,2.16000,1.62000,1.25000,1.03000,0.91000,0.85000),(74.00000,'24\'20\"',19.10000,12.80000,41.60000,3.29000,2.80000,2.17000,1.62000,1.25000,1.03000,0.92000,0.85000),(75.00000,'24\'40\"',17.30000,12.80000,41.60000,3.23000,2.78000,2.17000,1.63000,1.26000,1.04000,0.92000,0.85000),(76.00000,'25\'00\"',15.50000,12.80000,39.30000,3.16000,2.76000,2.17000,1.63000,1.26000,1.04000,0.92000,0.86000),(77.00000,'25\'20\"',15.50000,12.80000,39.30000,3.09000,2.74000,2.17000,1.64000,1.26000,1.04000,0.92000,0.86000),(78.00000,'25\'40\"',15.00000,12.80000,39.30000,3.02000,2.71000,2.16000,1.64000,1.27000,1.04000,0.92000,0.86000),(79.00000,'26\'00\"',15.20000,12.80000,37.00000,2.95000,2.69000,2.16000,1.64000,1.27000,1.05000,0.92000,0.86000),(80.00000,'26\'20\"',17.30000,12.80000,37.00000,2.89000,2.67000,2.16000,1.64000,1.27000,1.05000,0.92000,0.86000),(81.00000,'26\'40\"',18.00000,12.80000,37.00000,2.84000,2.65000,2.16000,1.65000,1.28000,1.05000,0.92000,0.86000),(82.00000,'27\'00\"',17.50000,12.80000,34.50000,2.80000,2.64000,2.16000,1.65000,1.28000,1.05000,0.93000,0.86000),(83.00000,'27\'20\"',15.20000,12.80000,34.50000,2.76000,2.62000,2.16000,1.66000,1.28000,1.05000,0.93000,0.86000),(84.00000,'27\'40\"',15.00000,12.80000,34.50000,2.71000,2.60000,2.16000,1.66000,1.29000,1.06000,0.93000,0.86000),(85.00000,'28\'00\"',16.90000,12.80000,32.20000,2.66000,2.58000,2.15000,1.66000,1.29000,1.06000,0.93000,0.86000),(86.00000,'28\'20\"',20.50000,12.80000,32.20000,2.63000,2.56000,2.15000,1.67000,1.29000,1.06000,0.93000,0.86000),(87.00000,'28\'40\"',22.50000,12.80000,32.20000,2.61000,2.56000,2.16000,1.67000,1.30000,1.06000,0.93000,0.86000),(88.00000,'29\'00\"',24.10000,12.80000,29.40000,2.61000,2.56000,2.16000,1.68000,1.30000,1.07000,0.93000,0.86000),(89.00000,'29\'20\"',25.00000,12.80000,29.40000,2.62000,2.56000,2.17000,1.69000,1.31000,1.07000,0.94000,0.86000),(90.00000,'29\'40\"',26.30000,12.80000,29.40000,2.62000,2.57000,2.18000,1.70000,1.31000,1.07000,0.94000,0.87000),(91.00000,'30\'00\"',26.30000,12.80000,26.20000,2.64000,2.58000,2.19000,1.71000,1.32000,1.08000,0.94000,0.87000),(92.00000,'30\'20\"',27.00000,12.80000,26.20000,2.65000,2.59000,2.21000,1.72000,1.33000,1.08000,0.94000,0.87000),(93.00000,'30\'40\"',27.20000,12.80000,26.20000,2.67000,2.60000,2.22000,1.73000,1.33000,1.08000,0.94000,0.87000),(94.00000,'31\'00\"',27.20000,12.80000,22.90000,2.69000,2.61000,2.23000,1.74000,1.34000,1.09000,0.95000,0.87000),(95.00000,'31\'20\"',26.60000,12.80000,22.90000,2.71000,2.62000,2.24000,1.75000,1.35000,1.09000,0.95000,0.87000),(96.00000,'31\'40\"',25.90000,12.80000,22.90000,2.72000,2.63000,2.25000,1.76000,1.35000,1.10000,0.95000,0.87000),(97.00000,'32\'00\"',25.20000,12.80000,19.70000,2.72000,2.64000,2.26000,1.77000,1.36000,1.10000,0.95000,0.87000),(98.00000,'32\'20\"',25.00000,12.80000,19.70000,2.73000,2.64000,2.27000,1.77000,1.37000,1.10000,0.95000,0.87000),(99.00000,'32\'40\"',23.90000,12.80000,19.70000,2.73000,2.65000,2.28000,1.78000,1.37000,1.11000,0.96000,0.87000),(100.00000,'33\'00\"',22.80000,12.80000,16.70000,2.73000,2.65000,2.28000,1.79000,1.38000,1.11000,0.96000,0.88000),(101.00000,'33\'20\"',20.60000,12.80000,16.70000,2.72000,2.65000,2.29000,1.80000,1.38000,1.11000,0.96000,0.88000),(102.00000,'33\'40\"',19.70000,12.80000,16.70000,2.70000,2.64000,2.29000,1.80000,1.39000,1.12000,0.96000,0.88000),(103.00000,'34\'00\"',19.10000,12.80000,14.00000,2.68000,2.63000,2.29000,1.81000,1.39000,1.12000,0.96000,0.88000),(104.00000,'34\'20\"',17.80000,12.80000,14.00000,2.65000,2.62000,2.29000,1.81000,1.39000,1.12000,0.96000,0.88000),(105.00000,'34\'40\"',17.00000,12.80000,14.00000,2.62000,2.60000,2.29000,1.81000,1.40000,1.12000,0.96000,0.88000),(106.00000,'35\'00\"',15.20000,12.80000,11.70000,2.59000,2.59000,2.29000,1.82000,1.40000,1.12000,0.97000,0.88000),(107.00000,'35\'20\"',13.00000,12.80000,11.70000,2.55000,2.57000,2.28000,1.82000,1.40000,1.13000,0.97000,0.88000),(108.00000,'35\'40\"',10.50000,12.80000,11.70000,2.50000,2.54000,2.28000,1.82000,1.41000,1.13000,0.97000,0.88000),(109.00000,'36\'00\"',9.20000,12.80000,10.00000,2.45000,2.51000,2.26000,1.82000,1.41000,1.13000,0.97000,0.88000),(110.00000,'36\'20\"',8.90000,12.80000,10.00000,2.39000,2.48000,2.25000,1.81000,1.41000,1.13000,0.97000,0.88000),(111.00000,'36\'40\"',9.10000,12.80000,10.00000,2.33000,2.45000,2.24000,1.81000,1.41000,1.13000,0.97000,0.88000),(112.00000,'37\'00\"',8.90000,12.80000,8.30000,2.28000,2.42000,2.23000,1.81000,1.41000,1.13000,0.97000,0.88000),(113.00000,'37\'20\"',9.10000,12.80000,8.30000,2.23000,2.39000,2.22000,1.81000,1.41000,1.13000,0.97000,0.88000),(114.00000,'37\'40\"',8.40000,12.80000,8.30000,2.18000,2.36000,2.20000,1.80000,1.41000,1.13000,0.97000,0.88000),(115.00000,'38\'00\"',7.30000,12.80000,6.70000,2.13000,2.33000,2.19000,1.80000,1.41000,1.13000,0.97000,0.88000),(116.00000,'38\'20\"',7.00000,12.80000,6.70000,2.08000,2.30000,2.18000,1.80000,1.41000,1.13000,0.97000,0.88000),(117.00000,'38\'40\"',6.60000,12.80000,6.70000,2.04000,2.27000,2.16000,1.79000,1.41000,1.13000,0.97000,0.88000),(118.00000,'39\'00\"',6.10000,12.80000,5.20000,1.99000,2.23000,2.15000,1.79000,1.41000,1.13000,0.97000,0.88000),(119.00000,'39\'20\"',6.40000,12.80000,5.20000,1.94000,2.20000,2.14000,1.78000,1.41000,1.14000,0.97000,0.88000),(120.00000,'39\'40\"',5.90000,12.80000,5.20000,1.90000,2.17000,2.12000,1.78000,1.41000,1.14000,0.97000,0.88000),(121.00000,'40\'00\"',5.30000,12.80000,3.80000,1.86000,2.14000,2.11000,1.78000,1.41000,1.14000,0.97000,0.88000),(122.00000,'40\'20\"',4.50000,12.80000,3.80000,1.82000,2.11000,2.09000,1.77000,1.40000,1.14000,0.97000,0.88000),(123.00000,'40\'40\"',5.50000,12.80000,3.80000,1.77000,2.08000,2.08000,1.77000,1.40000,1.14000,0.97000,0.88000),(124.00000,'41\'00\"',5.20000,12.80000,2.50000,1.74000,2.05000,2.06000,1.76000,1.40000,1.14000,0.97000,0.89000),(125.00000,'41\'20\"',5.30000,12.80000,2.50000,1.70000,2.03000,2.05000,1.76000,1.40000,1.14000,0.97000,0.89000),(126.00000,'41\'40\"',4.70000,12.80000,2.50000,1.67000,2.00000,2.03000,1.75000,1.40000,1.14000,0.97000,0.89000),(127.00000,'42\'00\"',3.80000,12.80000,1.30000,1.64000,1.97000,2.02000,1.75000,1.40000,1.14000,0.97000,0.89000),(128.00000,'42\'20\"',4.70000,12.80000,1.30000,1.60000,1.94000,2.00000,1.74000,1.40000,1.14000,0.98000,0.89000),(129.00000,'42\'40\"',5.00000,12.80000,1.30000,1.58000,1.92000,1.99000,1.74000,1.40000,1.14000,0.98000,0.89000),(130.00000,'43\'00\"',3.80000,12.80000,0.00000,1.55000,1.89000,1.98000,1.73000,1.40000,1.14000,0.98000,0.89000),(131.00000,'43\'20\"',2.70000,12.80000,0.00000,1.52000,1.87000,1.96000,1.73000,1.40000,1.14000,0.98000,0.89000),(132.00000,'43\'40\"',0.00000,12.80000,0.00000,1.52000,1.87000,1.96000,1.73000,1.40000,1.14000,0.98000,0.89000);
/*!40000 ALTER TABLE `alladin1460` ENABLE KEYS */;
UNLOCK TABLES;

--
-- Table structure for table `alladin1461`
--

DROP TABLE IF EXISTS `alladin1461`;
CREATE TABLE `alladin1461` (
  `PointNo` double(15,5) NOT NULL,
  `Time` varchar(255) default NULL,
  `Depth` double(15,5) default NULL,
  `AirConsumption` double(15,5) default NULL,
  `TankAir` double(15,5) default NULL,
  `Tissue1` double(15,5) default NULL,
  `Tissue2` double(15,5) default NULL,
  `Tissue3` double(15,5) default NULL,
  `Tissue4` double(15,5) default NULL,
  `Tissue5` double(15,5) default NULL,
  `Tissue6` double(15,5) default NULL,
  `Tissue7` double(15,5) default NULL,
  `Tissue8` double(15,5) default NULL,
  PRIMARY KEY  (`PointNo`)
) ENGINE=InnoDB DEFAULT CHARSET=latin1;

--
-- Dumping data for table `alladin1461`
--

LOCK TABLES `alladin1461` WRITE;
/*!40000 ALTER TABLE `alladin1461` DISABLE KEYS */;
INSERT INTO `alladin1461` VALUES (1.00000,'00\'20\"',5.30000,0.00000,0.00000,0.79000,0.79000,0.79000,0.79000,0.79000,0.79000,0.79000,0.79000),(2.00000,'00\'40\"',7.80000,0.00000,0.00000,0.82000,0.80000,0.80000,0.79000,0.79000,0.79000,0.79000,0.79000),(3.00000,'01\'00\"',17.20000,18.00000,22.00000,0.86000,0.82000,0.81000,0.80000,0.79000,0.79000,0.79000,0.79000),(4.00000,'01\'20\"',26.10000,18.00000,22.00000,0.94000,0.87000,0.83000,0.81000,0.80000,0.79000,0.79000,0.79000),(5.00000,'01\'40\"',29.80000,18.00000,22.00000,1.06000,0.93000,0.86000,0.83000,0.81000,0.80000,0.79000,0.79000),(6.00000,'02\'00\"',31.10000,18.00000,17.40000,1.20000,1.00000,0.90000,0.85000,0.82000,0.80000,0.80000,0.79000),(7.00000,'02\'20\"',30.90000,18.00000,17.40000,1.33000,1.08000,0.94000,0.87000,0.83000,0.81000,0.80000,0.79000),(8.00000,'02\'40\"',28.90000,18.00000,17.40000,1.45000,1.15000,0.98000,0.89000,0.84000,0.81000,0.80000,0.80000),(9.00000,'03\'00\"',27.00000,18.00000,12.60000,1.56000,1.21000,1.01000,0.90000,0.85000,0.82000,0.80000,0.80000),(10.00000,'03\'20\"',25.90000,18.00000,12.60000,1.64000,1.27000,1.04000,0.92000,0.86000,0.82000,0.81000,0.80000),(11.00000,'03\'40\"',24.10000,18.00000,12.60000,1.72000,1.32000,1.07000,0.94000,0.86000,0.83000,0.81000,0.80000),(12.00000,'04\'00\"',22.20000,18.00000,8.50000,1.78000,1.36000,1.10000,0.95000,0.87000,0.83000,0.81000,0.80000),(13.00000,'04\'20\"',20.50000,18.00000,8.50000,1.83000,1.40000,1.12000,0.96000,0.88000,0.83000,0.81000,0.80000),(14.00000,'04\'40\"',19.80000,18.00000,8.50000,1.87000,1.44000,1.14000,0.98000,0.89000,0.84000,0.81000,0.80000),(15.00000,'05\'00\"',18.60000,18.00000,4.80000,1.90000,1.47000,1.16000,0.99000,0.89000,0.84000,0.82000,0.80000),(16.00000,'05\'20\"',16.90000,18.00000,4.80000,1.92000,1.49000,1.18000,1.00000,0.90000,0.84000,0.82000,0.80000),(17.00000,'05\'40\"',14.80000,18.00000,4.80000,1.94000,1.51000,1.20000,1.01000,0.90000,0.85000,0.82000,0.80000),(18.00000,'06\'00\"',12.30000,18.00000,1.90000,1.94000,1.53000,1.21000,1.02000,0.91000,0.85000,0.82000,0.81000),(19.00000,'06\'20\"',10.80000,18.00000,1.90000,1.93000,1.54000,1.22000,1.02000,0.91000,0.85000,0.82000,0.81000),(20.00000,'06\'40\"',8.30000,18.00000,1.90000,1.91000,1.54000,1.23000,1.03000,0.91000,0.85000,0.82000,0.81000),(21.00000,'07\'00\"',4.80000,18.00000,0.00000,1.88000,1.54000,1.23000,1.03000,0.92000,0.85000,0.82000,0.81000),(22.00000,'07\'20\"',0.90000,18.00000,0.00000,1.83000,1.52000,1.23000,1.03000,0.92000,0.85000,0.82000,0.81000),(23.00000,'07\'40\"',0.00000,18.00000,0.00000,1.77000,1.50000,1.22000,1.03000,0.92000,0.85000,0.82000,0.81000),(24.00000,'08\'00\"',0.00000,0.00000,0.00000,1.71000,1.48000,1.22000,1.03000,0.92000,0.85000,0.82000,0.81000),(25.00000,'08\'20\"',0.00000,0.00000,0.00000,1.65000,1.46000,1.21000,1.03000,0.92000,0.85000,0.82000,0.81000),(26.00000,'08\'40\"',0.00000,0.00000,0.00000,1.59000,1.43000,1.20000,1.02000,0.91000,0.85000,0.82000,0.81000),(27.00000,'09\'00\"',0.00000,0.00000,0.00000,1.54000,1.41000,1.20000,1.02000,0.91000,0.85000,0.82000,0.81000),(28.00000,'09\'20\"',0.00000,0.00000,0.00000,1.49000,1.39000,1.19000,1.02000,0.91000,0.85000,0.82000,0.81000),(29.00000,'09\'40\"',0.00000,0.00000,0.00000,1.45000,1.37000,1.18000,1.02000,0.91000,0.85000,0.82000,0.81000),(30.00000,'10\'00\"',0.00000,0.00000,0.00000,1.41000,1.35000,1.18000,1.02000,0.91000,0.85000,0.82000,0.81000),(31.00000,'10\'20\"',0.00000,0.00000,0.00000,1.37000,1.34000,1.17000,1.01000,0.91000,0.85000,0.82000,0.81000),(32.00000,'10\'40\"',0.00000,0.00000,0.00000,1.33000,1.32000,1.16000,1.01000,0.91000,0.85000,0.82000,0.81000),(33.00000,'11\'00\"',0.00000,0.00000,0.00000,1.29000,1.30000,1.16000,1.01000,0.91000,0.85000,0.82000,0.81000),(34.00000,'11\'20\"',0.50000,0.00000,0.00000,1.26000,1.28000,1.15000,1.01000,0.91000,0.85000,0.82000,0.81000);
/*!40000 ALTER TABLE `alladin1461` ENABLE KEYS */;
UNLOCK TABLES;

--
-- Table structure for table `alladin1462`
--

DROP TABLE IF EXISTS `alladin1462`;
CREATE TABLE `alladin1462` (
  `PointNo` double(15,5) NOT NULL,
  `Time` varchar(255) default NULL,
  `Depth` double(15,5) default NULL,
  `AirConsumption` double(15,5) default NULL,
  `TankAir` double(15,5) default NULL,
  `Tissue1` double(15,5) default NULL,
  `Tissue2` double(15,5) default NULL,
  `Tissue3` double(15,5) default NULL,
  `Tissue4` double(15,5) default NULL,
  `Tissue5` double(15,5) default NULL,
  `Tissue6` double(15,5) default NULL,
  `Tissue7` double(15,5) default NULL,
  `Tissue8` double(15,5) default NULL,
  PRIMARY KEY  (`PointNo`)
) ENGINE=InnoDB DEFAULT CHARSET=latin1;

--
-- Dumping data for table `alladin1462`
--

LOCK TABLES `alladin1462` WRITE;
/*!40000 ALTER TABLE `alladin1462` DISABLE KEYS */;
INSERT INTO `alladin1462` VALUES (1.00000,'00\'20\"',11.10000,0.00000,0.00000,0.79000,0.79000,0.79000,0.79000,0.79000,0.79000,0.79000,0.79000),(2.00000,'00\'40\"',23.30000,0.00000,0.00000,0.85000,0.82000,0.80000,0.80000,0.79000,0.79000,0.79000,0.79000),(3.00000,'01\'00\"',33.00000,13.50000,129.00000,0.96000,0.88000,0.83000,0.81000,0.80000,0.80000,0.79000,0.79000),(4.00000,'01\'20\"',37.70000,13.50000,129.00000,1.12000,0.96000,0.88000,0.83000,0.81000,0.80000,0.80000,0.79000),(5.00000,'01\'40\"',41.60000,13.50000,129.00000,1.29000,1.05000,0.92000,0.86000,0.82000,0.81000,0.80000,0.79000),(6.00000,'02\'00\"',43.80000,13.50000,124.40000,1.47000,1.15000,0.98000,0.88000,0.84000,0.81000,0.80000,0.80000),(7.00000,'02\'20\"',44.70000,13.50000,124.40000,1.65000,1.25000,1.03000,0.91000,0.85000,0.82000,0.81000,0.80000),(8.00000,'02\'40\"',45.00000,13.50000,124.40000,1.82000,1.35000,1.09000,0.94000,0.87000,0.83000,0.81000,0.80000),(9.00000,'03\'00\"',45.60000,13.50000,119.10000,1.98000,1.45000,1.14000,0.97000,0.88000,0.84000,0.81000,0.80000),(10.00000,'03\'20\"',46.70000,13.50000,119.10000,2.14000,1.55000,1.19000,1.00000,0.90000,0.84000,0.82000,0.80000),(11.00000,'03\'40\"',47.00000,13.50000,119.10000,2.29000,1.64000,1.25000,1.03000,0.91000,0.85000,0.82000,0.81000),(12.00000,'04\'00\"',46.30000,13.50000,113.70000,2.43000,1.74000,1.30000,1.06000,0.93000,0.86000,0.82000,0.81000),(13.00000,'04\'20\"',45.90000,13.50000,113.70000,2.56000,1.83000,1.35000,1.08000,0.94000,0.87000,0.83000,0.81000),(14.00000,'04\'40\"',44.40000,13.50000,113.70000,2.68000,1.91000,1.40000,1.11000,0.95000,0.87000,0.83000,0.81000),(15.00000,'05\'00\"',42.70000,13.50000,108.60000,2.79000,1.99000,1.45000,1.14000,0.97000,0.88000,0.84000,0.81000),(16.00000,'05\'20\"',41.90000,13.50000,108.60000,2.87000,2.06000,1.50000,1.16000,0.98000,0.89000,0.84000,0.81000),(17.00000,'05\'40\"',42.00000,13.50000,108.60000,2.95000,2.13000,1.54000,1.19000,0.99000,0.89000,0.84000,0.82000),(18.00000,'06\'00\"',42.00000,13.50000,103.60000,3.03000,2.19000,1.58000,1.21000,1.01000,0.90000,0.85000,0.82000),(19.00000,'06\'20\"',42.20000,13.50000,103.60000,3.10000,2.26000,1.62000,1.24000,1.02000,0.91000,0.85000,0.82000),(20.00000,'06\'40\"',42.20000,13.50000,103.60000,3.16000,2.32000,1.66000,1.26000,1.03000,0.91000,0.85000,0.82000),(21.00000,'07\'00\"',41.60000,13.50000,98.60000,3.23000,2.38000,1.71000,1.28000,1.05000,0.92000,0.86000,0.82000),(22.00000,'07\'20\"',42.70000,13.50000,98.60000,3.28000,2.43000,1.74000,1.31000,1.06000,0.93000,0.86000,0.82000),(23.00000,'07\'40\"',43.90000,13.50000,98.60000,3.34000,2.49000,1.78000,1.33000,1.07000,0.93000,0.86000,0.83000),(24.00000,'08\'00\"',45.00000,13.50000,93.50000,3.40000,2.55000,1.83000,1.35000,1.08000,0.94000,0.87000,0.83000),(25.00000,'08\'20\"',46.40000,13.50000,93.50000,3.46000,2.61000,1.87000,1.38000,1.10000,0.95000,0.87000,0.83000),(26.00000,'08\'40\"',45.50000,13.50000,93.50000,3.52000,2.67000,1.91000,1.40000,1.11000,0.96000,0.87000,0.83000),(27.00000,'09\'00\"',44.10000,13.50000,88.30000,3.58000,2.72000,1.95000,1.43000,1.13000,0.96000,0.88000,0.83000),(28.00000,'09\'20\"',41.70000,13.50000,88.30000,3.62000,2.77000,1.99000,1.45000,1.14000,0.97000,0.88000,0.84000),(29.00000,'09\'40\"',41.30000,13.50000,88.30000,3.65000,2.82000,2.02000,1.47000,1.15000,0.98000,0.88000,0.84000),(30.00000,'10\'00\"',41.70000,13.50000,83.30000,3.68000,2.86000,2.06000,1.50000,1.16000,0.98000,0.89000,0.84000),(31.00000,'10\'20\"',42.50000,13.50000,83.30000,3.70000,2.90000,2.09000,1.52000,1.18000,0.99000,0.89000,0.84000),(32.00000,'10\'40\"',43.10000,13.50000,83.30000,3.73000,2.94000,2.12000,1.54000,1.19000,1.00000,0.89000,0.84000),(33.00000,'11\'00\"',43.10000,13.50000,78.30000,3.76000,2.98000,2.16000,1.56000,1.20000,1.00000,0.90000,0.84000),(34.00000,'11\'20\"',42.30000,13.50000,78.30000,3.79000,3.02000,2.19000,1.58000,1.21000,1.01000,0.90000,0.85000),(35.00000,'11\'40\"',41.70000,13.50000,78.30000,3.81000,3.06000,2.22000,1.60000,1.23000,1.01000,0.90000,0.85000),(36.00000,'12\'00\"',41.60000,13.50000,73.30000,3.83000,3.09000,2.26000,1.63000,1.24000,1.02000,0.91000,0.85000),(37.00000,'12\'20\"',41.10000,13.50000,73.30000,3.85000,3.12000,2.29000,1.65000,1.25000,1.03000,0.91000,0.85000),(38.00000,'12\'40\"',37.80000,13.50000,73.30000,3.86000,3.15000,2.31000,1.67000,1.26000,1.03000,0.91000,0.85000),(39.00000,'13\'00\"',37.30000,13.50000,68.70000,3.85000,3.17000,2.34000,1.68000,1.27000,1.04000,0.92000,0.85000),(40.00000,'13\'20\"',36.60000,13.50000,68.70000,3.85000,3.19000,2.36000,1.70000,1.28000,1.05000,0.92000,0.86000),(41.00000,'13\'40\"',34.80000,13.50000,68.70000,3.84000,3.21000,2.38000,1.72000,1.29000,1.05000,0.92000,0.86000),(42.00000,'14\'00\"',33.30000,13.50000,64.50000,3.82000,3.22000,2.40000,1.73000,1.30000,1.06000,0.93000,0.86000),(43.00000,'14\'20\"',32.80000,13.50000,64.50000,3.79000,3.22000,2.42000,1.75000,1.31000,1.06000,0.93000,0.86000),(44.00000,'14\'40\"',30.20000,13.50000,64.50000,3.76000,3.23000,2.44000,1.76000,1.32000,1.07000,0.93000,0.86000),(45.00000,'15\'00\"',27.00000,13.50000,61.00000,3.73000,3.23000,2.45000,1.77000,1.33000,1.07000,0.93000,0.86000),(46.00000,'15\'20\"',24.70000,13.50000,61.00000,3.67000,3.22000,2.46000,1.78000,1.33000,1.07000,0.94000,0.86000),(47.00000,'15\'40\"',22.30000,13.50000,61.00000,3.61000,3.20000,2.46000,1.79000,1.34000,1.08000,0.94000,0.86000),(48.00000,'16\'00\"',21.70000,13.50000,57.90000,3.55000,3.18000,2.46000,1.79000,1.34000,1.08000,0.94000,0.87000),(49.00000,'16\'20\"',20.30000,13.50000,57.90000,3.48000,3.16000,2.46000,1.80000,1.35000,1.08000,0.94000,0.87000),(50.00000,'16\'40\"',20.30000,13.50000,57.90000,3.41000,3.13000,2.46000,1.81000,1.35000,1.09000,0.94000,0.87000),(51.00000,'17\'00\"',19.10000,13.50000,55.10000,3.34000,3.11000,2.46000,1.81000,1.36000,1.09000,0.94000,0.87000),(52.00000,'17\'20\"',17.70000,13.50000,55.10000,3.28000,3.08000,2.46000,1.81000,1.36000,1.09000,0.94000,0.87000),(53.00000,'17\'40\"',17.50000,13.50000,55.10000,3.21000,3.05000,2.45000,1.82000,1.36000,1.09000,0.95000,0.87000),(54.00000,'18\'00\"',18.30000,13.50000,52.40000,3.14000,3.02000,2.45000,1.82000,1.37000,1.10000,0.95000,0.87000),(55.00000,'18\'20\"',18.30000,13.50000,52.40000,3.08000,3.00000,2.44000,1.82000,1.37000,1.10000,0.95000,0.87000),(56.00000,'18\'40\"',16.90000,13.50000,52.40000,3.03000,2.97000,2.44000,1.83000,1.37000,1.10000,0.95000,0.87000),(57.00000,'19\'00\"',16.40000,13.50000,49.90000,2.97000,2.95000,2.44000,1.83000,1.38000,1.10000,0.95000,0.87000),(58.00000,'19\'20\"',16.40000,13.50000,49.90000,2.91000,2.92000,2.43000,1.83000,1.38000,1.10000,0.95000,0.87000),(59.00000,'19\'40\"',15.60000,13.50000,49.90000,2.86000,2.89000,2.42000,1.83000,1.38000,1.11000,0.95000,0.87000),(60.00000,'20\'00\"',15.20000,13.50000,47.50000,2.80000,2.86000,2.42000,1.84000,1.39000,1.11000,0.95000,0.87000),(61.00000,'20\'20\"',13.80000,13.50000,47.50000,2.75000,2.83000,2.41000,1.84000,1.39000,1.11000,0.96000,0.87000),(62.00000,'20\'40\"',12.70000,13.50000,47.50000,2.69000,2.80000,2.40000,1.84000,1.39000,1.11000,0.96000,0.87000),(63.00000,'21\'00\"',11.60000,13.50000,45.40000,2.64000,2.77000,2.39000,1.84000,1.39000,1.11000,0.96000,0.88000),(64.00000,'21\'20\"',11.30000,13.50000,45.40000,2.58000,2.73000,2.38000,1.84000,1.39000,1.11000,0.96000,0.88000),(65.00000,'21\'40\"',9.70000,13.50000,45.40000,2.52000,2.70000,2.37000,1.83000,1.39000,1.12000,0.96000,0.88000),(66.00000,'22\'00\"',9.70000,13.50000,43.50000,2.46000,2.66000,2.36000,1.83000,1.40000,1.12000,0.96000,0.88000),(67.00000,'22\'20\"',9.40000,13.50000,43.50000,2.40000,2.63000,2.34000,1.83000,1.40000,1.12000,0.96000,0.88000),(68.00000,'22\'40\"',8.90000,13.50000,43.50000,2.34000,2.59000,2.33000,1.83000,1.40000,1.12000,0.96000,0.88000),(69.00000,'23\'00\"',8.40000,13.50000,41.70000,2.29000,2.55000,2.32000,1.82000,1.40000,1.12000,0.96000,0.88000),(70.00000,'23\'20\"',8.40000,13.50000,41.70000,2.23000,2.52000,2.30000,1.82000,1.40000,1.12000,0.96000,0.88000),(71.00000,'23\'40\"',8.40000,13.50000,41.70000,2.18000,2.48000,2.29000,1.82000,1.40000,1.12000,0.96000,0.88000),(72.00000,'24\'00\"',8.40000,13.50000,39.90000,2.14000,2.45000,2.27000,1.82000,1.40000,1.12000,0.96000,0.88000),(73.00000,'24\'20\"',8.40000,13.50000,39.90000,2.09000,2.42000,2.26000,1.81000,1.40000,1.12000,0.96000,0.88000),(74.00000,'24\'40\"',8.40000,13.50000,39.90000,2.05000,2.39000,2.25000,1.81000,1.40000,1.12000,0.96000,0.88000),(75.00000,'25\'00\"',8.40000,13.50000,38.10000,2.01000,2.35000,2.23000,1.81000,1.40000,1.12000,0.96000,0.88000),(76.00000,'25\'20\"',8.10000,13.50000,38.10000,1.98000,2.33000,2.22000,1.80000,1.40000,1.12000,0.97000,0.88000),(77.00000,'25\'40\"',7.80000,13.50000,38.10000,1.94000,2.30000,2.21000,1.80000,1.40000,1.12000,0.97000,0.88000),(78.00000,'26\'00\"',6.90000,13.50000,36.50000,1.91000,2.27000,2.19000,1.80000,1.40000,1.13000,0.97000,0.88000),(79.00000,'26\'20\"',6.70000,13.50000,36.50000,1.87000,2.24000,2.18000,1.79000,1.40000,1.13000,0.97000,0.88000),(80.00000,'26\'40\"',6.90000,13.50000,36.50000,1.84000,2.21000,2.17000,1.79000,1.40000,1.13000,0.97000,0.88000),(81.00000,'27\'00\"',6.30000,13.50000,34.90000,1.80000,2.18000,2.15000,1.79000,1.40000,1.13000,0.97000,0.88000),(82.00000,'27\'20\"',6.30000,13.50000,34.90000,1.77000,2.15000,2.14000,1.78000,1.40000,1.13000,0.97000,0.88000),(83.00000,'27\'40\"',7.20000,13.50000,34.90000,1.74000,2.12000,2.12000,1.78000,1.40000,1.13000,0.97000,0.88000),(84.00000,'28\'00\"',7.80000,13.50000,33.40000,1.71000,2.09000,2.11000,1.77000,1.40000,1.13000,0.97000,0.88000),(85.00000,'28\'20\"',7.30000,13.50000,33.40000,1.69000,2.07000,2.10000,1.77000,1.40000,1.13000,0.97000,0.88000),(86.00000,'28\'40\"',7.20000,13.50000,33.40000,1.67000,2.05000,2.09000,1.77000,1.40000,1.13000,0.97000,0.88000),(87.00000,'29\'00\"',5.50000,13.50000,31.90000,1.65000,2.03000,2.08000,1.76000,1.40000,1.13000,0.97000,0.88000),(88.00000,'29\'20\"',5.20000,13.50000,31.90000,1.62000,2.00000,2.06000,1.76000,1.40000,1.13000,0.97000,0.88000),(89.00000,'29\'40\"',6.40000,13.50000,31.90000,1.60000,1.97000,2.05000,1.76000,1.40000,1.13000,0.97000,0.88000),(90.00000,'30\'00\"',6.40000,13.50000,30.40000,1.58000,1.95000,2.03000,1.75000,1.39000,1.13000,0.97000,0.88000),(91.00000,'30\'20\"',7.50000,13.50000,30.40000,1.56000,1.93000,2.02000,1.75000,1.39000,1.13000,0.97000,0.88000),(92.00000,'30\'40\"',8.80000,13.50000,30.40000,1.55000,1.91000,2.01000,1.74000,1.39000,1.13000,0.97000,0.88000),(93.00000,'31\'00\"',10.00000,13.50000,28.70000,1.54000,1.90000,2.00000,1.74000,1.39000,1.13000,0.97000,0.88000),(94.00000,'31\'20\"',10.00000,13.50000,28.70000,1.55000,1.89000,2.00000,1.74000,1.40000,1.13000,0.97000,0.88000),(95.00000,'31\'40\"',10.30000,13.50000,28.70000,1.55000,1.88000,1.99000,1.74000,1.40000,1.13000,0.97000,0.88000),(96.00000,'32\'00\"',10.20000,13.50000,26.80000,1.55000,1.87000,1.98000,1.74000,1.40000,1.13000,0.97000,0.88000),(97.00000,'32\'20\"',10.20000,13.50000,26.80000,1.55000,1.86000,1.98000,1.74000,1.40000,1.14000,0.97000,0.89000),(98.00000,'32\'40\"',10.60000,13.50000,26.80000,1.56000,1.85000,1.97000,1.74000,1.40000,1.14000,0.98000,0.89000),(99.00000,'33\'00\"',10.60000,13.50000,24.90000,1.56000,1.84000,1.96000,1.74000,1.40000,1.14000,0.98000,0.89000),(100.00000,'33\'20\"',10.80000,13.50000,24.90000,1.57000,1.84000,1.96000,1.73000,1.40000,1.14000,0.98000,0.89000),(101.00000,'33\'40\"',10.60000,13.50000,24.90000,1.57000,1.83000,1.95000,1.73000,1.40000,1.14000,0.98000,0.89000),(102.00000,'34\'00\"',10.00000,13.50000,22.90000,1.57000,1.82000,1.95000,1.73000,1.40000,1.14000,0.98000,0.89000),(103.00000,'34\'20\"',9.40000,13.50000,22.90000,1.58000,1.82000,1.94000,1.73000,1.40000,1.14000,0.98000,0.89000),(104.00000,'34\'40\"',9.80000,13.50000,22.90000,1.57000,1.81000,1.94000,1.73000,1.40000,1.14000,0.98000,0.89000),(105.00000,'35\'00\"',9.40000,13.50000,21.10000,1.57000,1.80000,1.93000,1.73000,1.40000,1.14000,0.98000,0.89000),(106.00000,'35\'20\"',8.30000,13.50000,21.10000,1.57000,1.79000,1.92000,1.73000,1.41000,1.14000,0.98000,0.89000),(107.00000,'35\'40\"',7.30000,13.50000,21.10000,1.56000,1.78000,1.91000,1.72000,1.41000,1.14000,0.98000,0.89000),(108.00000,'36\'00\"',7.70000,13.50000,19.40000,1.55000,1.76000,1.91000,1.72000,1.41000,1.15000,0.98000,0.89000),(109.00000,'36\'20\"',8.10000,13.50000,19.40000,1.54000,1.75000,1.90000,1.72000,1.41000,1.15000,0.98000,0.89000),(110.00000,'36\'40\"',8.10000,13.50000,19.40000,1.53000,1.74000,1.89000,1.72000,1.41000,1.15000,0.98000,0.89000),(111.00000,'37\'00\"',8.60000,13.50000,17.60000,1.53000,1.73000,1.88000,1.71000,1.41000,1.15000,0.98000,0.89000),(112.00000,'37\'20\"',8.80000,13.50000,17.60000,1.52000,1.72000,1.88000,1.71000,1.41000,1.15000,0.98000,0.89000),(113.00000,'37\'40\"',10.00000,13.50000,17.60000,1.52000,1.72000,1.87000,1.71000,1.41000,1.15000,0.98000,0.89000),(114.00000,'38\'00\"',10.80000,13.50000,15.80000,1.52000,1.71000,1.86000,1.71000,1.41000,1.15000,0.98000,0.89000),(115.00000,'38\'20\"',11.60000,13.50000,15.80000,1.53000,1.71000,1.86000,1.71000,1.41000,1.15000,0.98000,0.89000),(116.00000,'38\'40\"',11.60000,13.50000,15.80000,1.54000,1.71000,1.86000,1.71000,1.41000,1.15000,0.99000,0.89000),(117.00000,'39\'00\"',11.70000,13.50000,13.70000,1.55000,1.71000,1.86000,1.71000,1.41000,1.15000,0.99000,0.89000),(118.00000,'39\'20\"',11.70000,13.50000,13.70000,1.56000,1.71000,1.85000,1.71000,1.41000,1.15000,0.99000,0.89000),(119.00000,'39\'40\"',11.70000,13.50000,13.70000,1.57000,1.71000,1.85000,1.71000,1.41000,1.15000,0.99000,0.89000),(120.00000,'40\'00\"',11.60000,13.50000,11.70000,1.58000,1.71000,1.85000,1.71000,1.41000,1.16000,0.99000,0.89000),(121.00000,'40\'20\"',11.60000,13.50000,11.70000,1.59000,1.71000,1.85000,1.71000,1.42000,1.16000,0.99000,0.89000),(122.00000,'40\'40\"',12.00000,13.50000,11.70000,1.60000,1.71000,1.84000,1.71000,1.42000,1.16000,0.99000,0.89000),(123.00000,'41\'00\"',12.00000,13.50000,9.60000,1.61000,1.71000,1.84000,1.71000,1.42000,1.16000,0.99000,0.89000),(124.00000,'41\'20\"',11.60000,13.50000,9.60000,1.62000,1.71000,1.84000,1.71000,1.42000,1.16000,0.99000,0.90000),(125.00000,'41\'40\"',10.60000,13.50000,9.60000,1.62000,1.71000,1.84000,1.71000,1.42000,1.16000,0.99000,0.90000),(126.00000,'42\'00\"',9.10000,13.50000,7.70000,1.62000,1.71000,1.83000,1.71000,1.42000,1.16000,0.99000,0.90000),(127.00000,'42\'20\"',8.90000,13.50000,7.70000,1.61000,1.70000,1.83000,1.71000,1.42000,1.16000,0.99000,0.90000),(128.00000,'42\'40\"',8.80000,13.50000,7.70000,1.61000,1.69000,1.82000,1.70000,1.42000,1.16000,0.99000,0.90000),(129.00000,'43\'00\"',8.40000,13.50000,6.00000,1.60000,1.69000,1.82000,1.70000,1.42000,1.16000,0.99000,0.90000),(130.00000,'43\'20\"',8.00000,13.50000,6.00000,1.59000,1.68000,1.81000,1.70000,1.42000,1.17000,1.00000,0.90000),(131.00000,'43\'40\"',8.30000,13.50000,6.00000,1.58000,1.67000,1.81000,1.70000,1.42000,1.17000,1.00000,0.90000),(132.00000,'44\'00\"',7.80000,13.50000,4.20000,1.57000,1.66000,1.80000,1.70000,1.42000,1.17000,1.00000,0.90000),(133.00000,'44\'20\"',6.60000,13.50000,4.20000,1.56000,1.66000,1.79000,1.69000,1.42000,1.17000,1.00000,0.90000),(134.00000,'44\'40\"',6.70000,13.50000,4.20000,1.54000,1.64000,1.78000,1.69000,1.42000,1.17000,1.00000,0.90000),(135.00000,'45\'00\"',6.70000,13.50000,2.60000,1.53000,1.63000,1.78000,1.69000,1.42000,1.17000,1.00000,0.90000),(136.00000,'45\'20\"',6.10000,13.50000,2.60000,1.52000,1.62000,1.77000,1.68000,1.42000,1.17000,1.00000,0.90000),(137.00000,'45\'40\"',3.60000,13.50000,2.60000,1.50000,1.61000,1.76000,1.68000,1.42000,1.17000,1.00000,0.90000),(138.00000,'46\'00\"',3.60000,13.50000,1.30000,1.47000,1.59000,1.75000,1.68000,1.42000,1.17000,1.00000,0.90000),(139.00000,'46\'20\"',3.80000,13.50000,1.30000,1.45000,1.58000,1.74000,1.67000,1.42000,1.17000,1.00000,0.90000),(140.00000,'46\'40\"',4.10000,13.50000,1.30000,1.42000,1.56000,1.73000,1.67000,1.42000,1.17000,1.00000,0.90000),(141.00000,'47\'00\"',4.50000,13.50000,0.00000,1.40000,1.55000,1.72000,1.66000,1.41000,1.17000,1.00000,0.90000),(142.00000,'47\'20\"',4.50000,13.50000,0.00000,1.39000,1.53000,1.71000,1.66000,1.41000,1.17000,1.00000,0.90000),(143.00000,'47\'40\"',3.90000,13.50000,0.00000,1.37000,1.52000,1.70000,1.65000,1.41000,1.17000,1.00000,0.90000);
/*!40000 ALTER TABLE `alladin1462` ENABLE KEYS */;
UNLOCK TABLES;

--
-- Table structure for table `alladin1463`
--

DROP TABLE IF EXISTS `alladin1463`;
CREATE TABLE `alladin1463` (
  `PointNo` double(15,5) NOT NULL,
  `Time` varchar(255) default NULL,
  `Depth` double(15,5) default NULL,
  `AirConsumption` double(15,5) default NULL,
  `TankAir` double(15,5) default NULL,
  `Tissue1` double(15,5) default NULL,
  `Tissue2` double(15,5) default NULL,
  `Tissue3` double(15,5) default NULL,
  `Tissue4` double(15,5) default NULL,
  `Tissue5` double(15,5) default NULL,
  `Tissue6` double(15,5) default NULL,
  `Tissue7` double(15,5) default NULL,
  `Tissue8` double(15,5) default NULL,
  PRIMARY KEY  (`PointNo`)
) ENGINE=InnoDB DEFAULT CHARSET=latin1;

--
-- Dumping data for table `alladin1463`
--

LOCK TABLES `alladin1463` WRITE;
/*!40000 ALTER TABLE `alladin1463` DISABLE KEYS */;
INSERT INTO `alladin1463` VALUES (1.00000,'00\'20\"',3.00000,0.00000,0.00000,0.79000,0.79000,0.79000,0.79000,0.79000,0.79000,0.79000,0.79000),(2.00000,'00\'40\"',3.00000,0.00000,0.00000,0.81000,0.80000,0.79000,0.79000,0.79000,0.79000,0.79000,0.79000),(3.00000,'01\'00\"',3.10000,20.60000,65.10000,0.82000,0.81000,0.80000,0.79000,0.79000,0.79000,0.79000,0.79000),(4.00000,'01\'20\"',3.30000,20.60000,65.10000,0.83000,0.81000,0.80000,0.80000,0.79000,0.79000,0.79000,0.79000),(5.00000,'01\'40\"',3.30000,20.60000,65.10000,0.85000,0.82000,0.81000,0.80000,0.79000,0.79000,0.79000,0.79000),(6.00000,'02\'00\"',3.30000,20.60000,63.10000,0.86000,0.83000,0.81000,0.80000,0.80000,0.79000,0.79000,0.79000),(7.00000,'02\'20\"',3.60000,20.60000,63.10000,0.87000,0.84000,0.81000,0.80000,0.80000,0.79000,0.79000,0.79000),(8.00000,'02\'40\"',3.80000,20.60000,63.10000,0.89000,0.84000,0.82000,0.80000,0.80000,0.79000,0.79000,0.79000),(9.00000,'03\'00\"',4.20000,20.60000,61.10000,0.90000,0.85000,0.82000,0.81000,0.80000,0.79000,0.79000,0.79000),(10.00000,'03\'20\"',4.20000,20.60000,61.10000,0.91000,0.86000,0.83000,0.81000,0.80000,0.79000,0.79000,0.79000),(11.00000,'03\'40\"',4.50000,20.60000,61.10000,0.93000,0.87000,0.83000,0.81000,0.80000,0.80000,0.79000,0.79000),(12.00000,'04\'00\"',5.00000,20.60000,59.10000,0.94000,0.88000,0.84000,0.81000,0.80000,0.80000,0.79000,0.79000),(13.00000,'04\'20\"',5.20000,20.60000,59.10000,0.96000,0.89000,0.84000,0.82000,0.80000,0.80000,0.79000,0.79000),(14.00000,'04\'40\"',5.50000,20.60000,59.10000,0.97000,0.90000,0.85000,0.82000,0.81000,0.80000,0.79000,0.79000),(15.00000,'05\'00\"',5.30000,20.60000,56.80000,0.99000,0.91000,0.86000,0.82000,0.81000,0.80000,0.79000,0.79000),(16.00000,'05\'20\"',5.50000,20.60000,56.80000,1.00000,0.92000,0.86000,0.83000,0.81000,0.80000,0.79000,0.79000),(17.00000,'05\'40\"',6.40000,20.60000,56.80000,1.02000,0.93000,0.87000,0.83000,0.81000,0.80000,0.80000,0.79000),(18.00000,'06\'00\"',6.60000,20.60000,54.60000,1.03000,0.94000,0.87000,0.83000,0.81000,0.80000,0.80000,0.79000),(19.00000,'06\'20\"',6.70000,20.60000,54.60000,1.05000,0.95000,0.88000,0.84000,0.82000,0.80000,0.80000,0.79000),(20.00000,'06\'40\"',7.30000,20.60000,54.60000,1.07000,0.96000,0.89000,0.84000,0.82000,0.80000,0.80000,0.79000),(21.00000,'07\'00\"',7.50000,20.60000,52.10000,1.09000,0.98000,0.90000,0.85000,0.82000,0.80000,0.80000,0.79000),(22.00000,'07\'20\"',8.00000,20.60000,52.10000,1.11000,0.99000,0.90000,0.85000,0.82000,0.81000,0.80000,0.79000),(23.00000,'07\'40\"',8.80000,20.60000,52.10000,1.13000,1.01000,0.91000,0.86000,0.82000,0.81000,0.80000,0.79000),(24.00000,'08\'00\"',10.00000,20.60000,49.50000,1.15000,1.02000,0.92000,0.86000,0.83000,0.81000,0.80000,0.79000),(25.00000,'08\'20\"',10.50000,20.60000,49.50000,1.18000,1.04000,0.93000,0.87000,0.83000,0.81000,0.80000,0.80000),(26.00000,'08\'40\"',10.60000,20.60000,49.50000,1.21000,1.06000,0.94000,0.87000,0.83000,0.81000,0.80000,0.80000),(27.00000,'09\'00\"',10.80000,20.60000,46.40000,1.23000,1.08000,0.96000,0.88000,0.84000,0.81000,0.80000,0.80000),(28.00000,'09\'20\"',11.40000,20.60000,46.40000,1.26000,1.10000,0.97000,0.89000,0.84000,0.82000,0.80000,0.80000),(29.00000,'09\'40\"',11.90000,20.60000,46.40000,1.29000,1.11000,0.98000,0.89000,0.84000,0.82000,0.80000,0.80000),(30.00000,'10\'00\"',12.50000,32.40000,41.50000,1.32000,1.13000,0.99000,0.90000,0.85000,0.82000,0.80000,0.80000),(31.00000,'10\'20\"',12.70000,32.40000,41.50000,1.35000,1.16000,1.00000,0.91000,0.85000,0.82000,0.81000,0.80000),(32.00000,'10\'40\"',12.30000,32.40000,41.50000,1.37000,1.18000,1.02000,0.91000,0.86000,0.82000,0.81000,0.80000),(33.00000,'11\'00\"',9.40000,20.60000,38.60000,1.40000,1.20000,1.03000,0.92000,0.86000,0.83000,0.81000,0.80000),(34.00000,'11\'20\"',6.70000,20.60000,38.60000,1.41000,1.21000,1.04000,0.93000,0.86000,0.83000,0.81000,0.80000),(35.00000,'11\'40\"',4.80000,20.60000,38.60000,1.40000,1.21000,1.04000,0.93000,0.86000,0.83000,0.81000,0.80000),(36.00000,'12\'00\"',2.70000,20.60000,36.80000,1.39000,1.21000,1.05000,0.93000,0.86000,0.83000,0.81000,0.80000),(37.00000,'12\'20\"',1.10000,20.60000,36.80000,1.36000,1.20000,1.04000,0.93000,0.87000,0.83000,0.81000,0.80000),(38.00000,'12\'40\"',0.00000,20.60000,36.80000,1.33000,1.19000,1.04000,0.93000,0.87000,0.83000,0.81000,0.80000),(39.00000,'13\'00\"',0.00000,0.00000,36.80000,1.30000,1.18000,1.04000,0.93000,0.87000,0.83000,0.81000,0.80000),(40.00000,'13\'20\"',0.00000,0.00000,36.80000,1.26000,1.17000,1.03000,0.93000,0.86000,0.83000,0.81000,0.80000),(41.00000,'13\'40\"',0.00000,0.00000,36.80000,1.23000,1.15000,1.03000,0.93000,0.86000,0.83000,0.81000,0.80000),(42.00000,'14\'00\"',0.00000,0.00000,36.80000,1.20000,1.14000,1.03000,0.93000,0.86000,0.83000,0.81000,0.80000),(43.00000,'14\'20\"',0.20000,0.00000,36.80000,1.18000,1.13000,1.02000,0.93000,0.86000,0.83000,0.81000,0.80000),(44.00000,'14\'40\"',0.00000,0.00000,36.80000,1.15000,1.12000,1.02000,0.93000,0.86000,0.83000,0.81000,0.80000),(45.00000,'15\'00\"',0.00000,0.00000,36.80000,1.13000,1.11000,1.01000,0.92000,0.86000,0.83000,0.81000,0.80000),(46.00000,'15\'20\"',0.00000,0.00000,36.80000,1.11000,1.10000,1.01000,0.92000,0.86000,0.83000,0.81000,0.80000),(47.00000,'15\'40\"',0.00000,0.00000,36.80000,1.09000,1.09000,1.01000,0.92000,0.86000,0.83000,0.81000,0.80000),(48.00000,'16\'00\"',0.00000,0.00000,36.80000,1.07000,1.08000,1.00000,0.92000,0.86000,0.83000,0.81000,0.80000),(49.00000,'16\'20\"',0.00000,0.00000,36.80000,1.05000,1.07000,1.00000,0.92000,0.86000,0.83000,0.81000,0.80000),(50.00000,'16\'40\"',0.00000,0.00000,36.80000,1.03000,1.06000,1.00000,0.92000,0.86000,0.83000,0.81000,0.80000),(51.00000,'17\'00\"',3.60000,20.60000,35.30000,1.02000,1.05000,0.99000,0.92000,0.86000,0.83000,0.81000,0.80000),(52.00000,'17\'20\"',4.10000,20.60000,35.30000,1.02000,1.05000,0.99000,0.92000,0.86000,0.83000,0.81000,0.80000),(53.00000,'17\'40\"',5.20000,20.60000,35.30000,1.03000,1.05000,1.00000,0.92000,0.86000,0.83000,0.81000,0.80000),(54.00000,'18\'00\"',10.50000,20.60000,33.20000,1.04000,1.06000,1.00000,0.92000,0.86000,0.83000,0.81000,0.80000),(55.00000,'18\'20\"',11.30000,20.60000,33.20000,1.08000,1.08000,1.01000,0.93000,0.87000,0.83000,0.81000,0.80000),(56.00000,'18\'40\"',11.30000,20.60000,33.20000,1.11000,1.10000,1.02000,0.93000,0.87000,0.83000,0.81000,0.80000),(57.00000,'19\'00\"',10.50000,20.60000,30.20000,1.15000,1.12000,1.03000,0.94000,0.87000,0.83000,0.81000,0.80000),(58.00000,'19\'20\"',10.60000,20.60000,30.20000,1.18000,1.13000,1.04000,0.95000,0.88000,0.84000,0.81000,0.80000),(59.00000,'19\'40\"',10.00000,20.60000,30.20000,1.21000,1.15000,1.05000,0.95000,0.88000,0.84000,0.81000,0.80000),(60.00000,'20\'00\"',9.40000,20.60000,27.40000,1.23000,1.16000,1.06000,0.96000,0.88000,0.84000,0.82000,0.80000),(61.00000,'20\'20\"',8.00000,20.60000,27.40000,1.25000,1.17000,1.07000,0.96000,0.89000,0.84000,0.82000,0.80000),(62.00000,'20\'40\"',7.80000,20.60000,27.40000,1.26000,1.18000,1.07000,0.97000,0.89000,0.84000,0.82000,0.80000),(63.00000,'21\'00\"',7.80000,20.60000,24.80000,1.27000,1.19000,1.08000,0.97000,0.89000,0.84000,0.82000,0.80000),(64.00000,'21\'20\"',8.00000,20.60000,24.80000,1.28000,1.20000,1.08000,0.97000,0.89000,0.84000,0.82000,0.80000),(65.00000,'21\'40\"',7.20000,20.60000,24.80000,1.29000,1.20000,1.09000,0.98000,0.90000,0.85000,0.82000,0.80000),(66.00000,'22\'00\"',6.70000,20.60000,22.30000,1.29000,1.21000,1.09000,0.98000,0.90000,0.85000,0.82000,0.80000),(67.00000,'22\'20\"',7.20000,20.60000,22.30000,1.30000,1.21000,1.10000,0.98000,0.90000,0.85000,0.82000,0.81000),(68.00000,'22\'40\"',7.00000,20.60000,22.30000,1.30000,1.22000,1.10000,0.99000,0.90000,0.85000,0.82000,0.81000),(69.00000,'23\'00\"',7.00000,20.60000,19.80000,1.30000,1.22000,1.11000,0.99000,0.90000,0.85000,0.82000,0.81000),(70.00000,'23\'20\"',6.70000,20.60000,19.80000,1.31000,1.23000,1.11000,0.99000,0.90000,0.85000,0.82000,0.81000),(71.00000,'23\'40\"',6.10000,20.60000,19.80000,1.31000,1.23000,1.11000,0.99000,0.91000,0.85000,0.82000,0.81000),(72.00000,'24\'00\"',5.60000,20.60000,17.50000,1.30000,1.23000,1.12000,1.00000,0.91000,0.85000,0.82000,0.81000),(73.00000,'24\'20\"',5.20000,20.60000,17.50000,1.30000,1.23000,1.12000,1.00000,0.91000,0.85000,0.82000,0.81000),(74.00000,'24\'40\"',4.40000,20.60000,17.50000,1.29000,1.23000,1.12000,1.00000,0.91000,0.85000,0.82000,0.81000),(75.00000,'25\'00\"',4.10000,32.40000,14.30000,1.28000,1.23000,1.12000,1.00000,0.91000,0.86000,0.82000,0.81000),(76.00000,'25\'20\"',3.40000,32.40000,14.30000,1.27000,1.22000,1.12000,1.00000,0.91000,0.86000,0.82000,0.81000),(77.00000,'25\'40\"',3.60000,32.40000,14.30000,1.26000,1.22000,1.12000,1.00000,0.91000,0.86000,0.82000,0.81000),(78.00000,'26\'00\"',3.60000,32.40000,11.10000,1.25000,1.21000,1.12000,1.00000,0.91000,0.86000,0.82000,0.81000),(79.00000,'26\'20\"',3.60000,32.40000,11.10000,1.24000,1.21000,1.12000,1.00000,0.91000,0.86000,0.82000,0.81000),(80.00000,'26\'40\"',2.80000,32.40000,11.10000,1.23000,1.20000,1.12000,1.00000,0.91000,0.86000,0.83000,0.81000),(81.00000,'27\'00\"',1.70000,0.00000,11.10000,1.21000,1.20000,1.11000,1.00000,0.92000,0.86000,0.83000,0.81000),(82.00000,'27\'20\"',0.00000,0.00000,11.10000,1.19000,1.19000,1.11000,1.00000,0.92000,0.86000,0.83000,0.81000),(83.00000,'27\'40\"',0.00000,0.00000,11.10000,1.17000,1.18000,1.11000,1.00000,0.91000,0.86000,0.83000,0.81000),(84.00000,'28\'00\"',0.00000,0.00000,11.10000,1.14000,1.16000,1.10000,1.00000,0.91000,0.86000,0.83000,0.81000),(85.00000,'28\'20\"',3.00000,0.00000,11.10000,1.12000,1.15000,1.10000,1.00000,0.91000,0.86000,0.83000,0.81000),(86.00000,'28\'40\"',3.60000,0.00000,11.10000,1.11000,1.15000,1.09000,1.00000,0.91000,0.86000,0.83000,0.81000),(87.00000,'29\'00\"',3.80000,20.60000,9.20000,1.11000,1.14000,1.09000,1.00000,0.91000,0.86000,0.83000,0.81000),(88.00000,'29\'20\"',3.80000,20.60000,9.20000,1.11000,1.14000,1.09000,1.00000,0.92000,0.86000,0.83000,0.81000),(89.00000,'29\'40\"',3.60000,20.60000,9.20000,1.11000,1.14000,1.09000,1.00000,0.92000,0.86000,0.83000,0.81000),(90.00000,'30\'00\"',3.40000,32.40000,6.10000,1.11000,1.14000,1.09000,1.00000,0.92000,0.86000,0.83000,0.81000),(91.00000,'30\'20\"',3.40000,32.40000,6.10000,1.10000,1.14000,1.09000,1.00000,0.92000,0.86000,0.83000,0.81000),(92.00000,'30\'40\"',3.30000,32.40000,6.10000,1.10000,1.13000,1.09000,1.00000,0.92000,0.86000,0.83000,0.81000),(93.00000,'31\'00\"',3.00000,32.40000,3.10000,1.10000,1.13000,1.09000,1.00000,0.92000,0.86000,0.83000,0.81000),(94.00000,'31\'20\"',2.30000,32.40000,3.10000,1.09000,1.13000,1.09000,1.00000,0.92000,0.86000,0.83000,0.81000),(95.00000,'31\'40\"',1.90000,32.40000,3.10000,1.08000,1.12000,1.09000,1.00000,0.92000,0.86000,0.83000,0.81000),(96.00000,'32\'00\"',1.70000,0.00000,3.10000,1.08000,1.12000,1.09000,1.00000,0.92000,0.86000,0.83000,0.81000),(97.00000,'32\'20\"',0.00000,0.00000,3.10000,1.07000,1.11000,1.08000,1.00000,0.92000,0.86000,0.83000,0.81000),(98.00000,'32\'40\"',0.00000,0.00000,3.10000,1.05000,1.10000,1.08000,1.00000,0.92000,0.86000,0.83000,0.81000),(99.00000,'33\'00\"',2.50000,20.60000,1.60000,1.03000,1.09000,1.07000,1.00000,0.92000,0.86000,0.83000,0.81000),(100.00000,'33\'20\"',3.00000,20.60000,1.60000,1.03000,1.09000,1.07000,1.00000,0.92000,0.86000,0.83000,0.81000),(101.00000,'33\'40\"',2.80000,20.60000,1.60000,1.03000,1.08000,1.07000,1.00000,0.92000,0.86000,0.83000,0.81000),(102.00000,'34\'00\"',2.50000,20.60000,-0.20000,1.03000,1.08000,1.07000,1.00000,0.92000,0.86000,0.83000,0.81000),(103.00000,'34\'20\"',2.00000,20.60000,-0.20000,1.02000,1.08000,1.07000,1.00000,0.92000,0.86000,0.83000,0.81000),(104.00000,'34\'40\"',1.70000,20.60000,-0.20000,1.02000,1.07000,1.07000,1.00000,0.92000,0.86000,0.83000,0.81000),(105.00000,'35\'00\"',0.00000,0.00000,-0.20000,1.01000,1.07000,1.07000,1.00000,0.92000,0.86000,0.83000,0.81000);
/*!40000 ALTER TABLE `alladin1463` ENABLE KEYS */;
UNLOCK TABLES;

--
-- Table structure for table `alladin1464`
--

DROP TABLE IF EXISTS `alladin1464`;
CREATE TABLE `alladin1464` (
  `PointNo` double(15,5) NOT NULL,
  `Time` varchar(255) default NULL,
  `Depth` double(15,5) default NULL,
  `AirConsumption` double(15,5) default NULL,
  `TankAir` double(15,5) default NULL,
  `Tissue1` double(15,5) default NULL,
  `Tissue2` double(15,5) default NULL,
  `Tissue3` double(15,5) default NULL,
  `Tissue4` double(15,5) default NULL,
  `Tissue5` double(15,5) default NULL,
  `Tissue6` double(15,5) default NULL,
  `Tissue7` double(15,5) default NULL,
  `Tissue8` double(15,5) default NULL,
  PRIMARY KEY  (`PointNo`)
) ENGINE=InnoDB DEFAULT CHARSET=latin1;

--
-- Dumping data for table `alladin1464`
--

LOCK TABLES `alladin1464` WRITE;
/*!40000 ALTER TABLE `alladin1464` DISABLE KEYS */;
INSERT INTO `alladin1464` VALUES (1.00000,'00\'20\"',3.60000,0.00000,0.00000,0.79000,0.79000,0.79000,0.79000,0.79000,0.79000,0.79000,0.79000),(2.00000,'00\'40\"',5.80000,0.00000,0.00000,0.81000,0.80000,0.79000,0.79000,0.79000,0.79000,0.79000,0.79000),(3.00000,'01\'00\"',6.30000,17.50000,142.30000,0.84000,0.81000,0.80000,0.80000,0.79000,0.79000,0.79000,0.79000),(4.00000,'01\'20\"',6.40000,17.50000,142.30000,0.87000,0.83000,0.81000,0.80000,0.80000,0.79000,0.79000,0.79000),(5.00000,'01\'40\"',7.70000,17.50000,142.30000,0.89000,0.84000,0.82000,0.80000,0.80000,0.79000,0.79000,0.79000),(6.00000,'02\'00\"',8.30000,17.50000,140.20000,0.93000,0.86000,0.83000,0.81000,0.80000,0.79000,0.79000,0.79000),(7.00000,'02\'20\"',9.20000,17.50000,140.20000,0.96000,0.88000,0.84000,0.81000,0.80000,0.80000,0.79000,0.79000),(8.00000,'02\'40\"',10.00000,17.50000,140.20000,1.00000,0.90000,0.85000,0.82000,0.81000,0.80000,0.79000,0.79000),(9.00000,'03\'00\"',9.80000,17.50000,137.80000,1.03000,0.92000,0.86000,0.83000,0.81000,0.80000,0.79000,0.79000),(10.00000,'03\'20\"',10.30000,17.50000,137.80000,1.07000,0.95000,0.87000,0.83000,0.81000,0.80000,0.80000,0.79000),(11.00000,'03\'40\"',11.30000,17.50000,137.80000,1.10000,0.97000,0.88000,0.84000,0.82000,0.80000,0.80000,0.79000),(12.00000,'04\'00\"',11.60000,17.50000,135.30000,1.14000,0.99000,0.90000,0.85000,0.82000,0.80000,0.80000,0.79000),(13.00000,'04\'20\"',13.10000,17.50000,135.30000,1.18000,1.01000,0.91000,0.85000,0.82000,0.81000,0.80000,0.79000),(14.00000,'04\'40\"',14.20000,17.50000,135.30000,1.22000,1.04000,0.93000,0.86000,0.83000,0.81000,0.80000,0.79000),(15.00000,'05\'00\"',13.10000,17.50000,132.40000,1.26000,1.07000,0.94000,0.87000,0.83000,0.81000,0.80000,0.80000),(16.00000,'05\'20\"',10.90000,17.50000,132.40000,1.30000,1.09000,0.96000,0.88000,0.84000,0.81000,0.80000,0.80000),(17.00000,'05\'40\"',11.30000,17.50000,132.40000,1.32000,1.11000,0.97000,0.88000,0.84000,0.81000,0.80000,0.80000),(18.00000,'06\'00\"',14.80000,17.50000,129.80000,1.34000,1.13000,0.98000,0.89000,0.84000,0.82000,0.80000,0.80000),(19.00000,'06\'20\"',18.10000,17.50000,129.80000,1.38000,1.16000,1.00000,0.90000,0.85000,0.82000,0.80000,0.80000),(20.00000,'06\'40\"',18.60000,17.50000,129.80000,1.44000,1.19000,1.02000,0.91000,0.85000,0.82000,0.81000,0.80000),(21.00000,'07\'00\"',19.20000,17.50000,126.30000,1.49000,1.23000,1.04000,0.92000,0.86000,0.82000,0.81000,0.80000),(22.00000,'07\'20\"',18.30000,17.50000,126.30000,1.54000,1.26000,1.06000,0.93000,0.86000,0.83000,0.81000,0.80000),(23.00000,'07\'40\"',17.70000,17.50000,126.30000,1.59000,1.30000,1.08000,0.94000,0.87000,0.83000,0.81000,0.80000),(24.00000,'08\'00\"',17.30000,17.50000,122.80000,1.63000,1.32000,1.10000,0.95000,0.88000,0.83000,0.81000,0.80000),(25.00000,'08\'20\"',15.20000,17.50000,122.80000,1.66000,1.35000,1.11000,0.96000,0.88000,0.84000,0.81000,0.80000),(26.00000,'08\'40\"',13.00000,17.50000,122.80000,1.68000,1.37000,1.13000,0.97000,0.89000,0.84000,0.81000,0.80000),(27.00000,'09\'00\"',10.80000,17.50000,120.20000,1.69000,1.39000,1.14000,0.98000,0.89000,0.84000,0.82000,0.80000),(28.00000,'09\'20\"',10.50000,17.50000,120.20000,1.69000,1.40000,1.15000,0.99000,0.89000,0.84000,0.82000,0.80000),(29.00000,'09\'40\"',10.30000,17.50000,120.20000,1.68000,1.40000,1.16000,0.99000,0.90000,0.84000,0.82000,0.80000),(30.00000,'10\'00\"',10.30000,26.40000,116.40000,1.68000,1.41000,1.16000,1.00000,0.90000,0.85000,0.82000,0.80000),(31.00000,'10\'20\"',10.50000,26.40000,116.40000,1.67000,1.42000,1.17000,1.00000,0.90000,0.85000,0.82000,0.80000),(32.00000,'10\'40\"',10.30000,26.40000,116.40000,1.67000,1.42000,1.18000,1.01000,0.90000,0.85000,0.82000,0.81000),(33.00000,'11\'00\"',10.50000,26.40000,112.60000,1.67000,1.43000,1.18000,1.01000,0.91000,0.85000,0.82000,0.81000),(34.00000,'11\'20\"',10.50000,26.40000,112.60000,1.66000,1.43000,1.19000,1.02000,0.91000,0.85000,0.82000,0.81000),(35.00000,'11\'40\"',10.60000,26.40000,112.60000,1.66000,1.44000,1.20000,1.02000,0.91000,0.85000,0.82000,0.81000),(36.00000,'12\'00\"',10.60000,17.50000,110.00000,1.66000,1.45000,1.21000,1.03000,0.92000,0.86000,0.82000,0.81000),(37.00000,'12\'20\"',10.60000,17.50000,110.00000,1.66000,1.45000,1.21000,1.03000,0.92000,0.86000,0.82000,0.81000),(38.00000,'12\'40\"',12.20000,17.50000,110.00000,1.65000,1.46000,1.22000,1.04000,0.92000,0.86000,0.82000,0.81000),(39.00000,'13\'00\"',15.00000,17.50000,107.40000,1.66000,1.47000,1.23000,1.04000,0.93000,0.86000,0.83000,0.81000),(40.00000,'13\'20\"',17.20000,17.50000,107.40000,1.68000,1.48000,1.24000,1.05000,0.93000,0.86000,0.83000,0.81000),(41.00000,'13\'40\"',19.50000,17.50000,107.40000,1.71000,1.51000,1.26000,1.06000,0.93000,0.87000,0.83000,0.81000),(42.00000,'14\'00\"',21.60000,17.50000,104.00000,1.75000,1.53000,1.27000,1.07000,0.94000,0.87000,0.83000,0.81000),(43.00000,'14\'20\"',22.00000,17.50000,104.00000,1.80000,1.57000,1.29000,1.08000,0.95000,0.87000,0.83000,0.81000),(44.00000,'14\'40\"',22.70000,17.50000,104.00000,1.85000,1.60000,1.31000,1.09000,0.95000,0.88000,0.83000,0.81000),(45.00000,'15\'00\"',22.70000,17.50000,100.00000,1.89000,1.63000,1.34000,1.11000,0.96000,0.88000,0.84000,0.81000),(46.00000,'15\'20\"',22.80000,17.50000,100.00000,1.94000,1.66000,1.36000,1.12000,0.97000,0.88000,0.84000,0.81000),(47.00000,'15\'40\"',22.80000,17.50000,100.00000,1.98000,1.69000,1.38000,1.13000,0.97000,0.89000,0.84000,0.81000),(48.00000,'16\'00\"',22.80000,17.50000,95.90000,2.02000,1.72000,1.40000,1.14000,0.98000,0.89000,0.84000,0.82000),(49.00000,'16\'20\"',23.30000,17.50000,95.90000,2.06000,1.75000,1.42000,1.15000,0.99000,0.89000,0.84000,0.82000),(50.00000,'16\'40\"',23.40000,17.50000,95.90000,2.09000,1.78000,1.44000,1.17000,0.99000,0.90000,0.84000,0.82000),(51.00000,'17\'00\"',23.80000,17.50000,91.80000,2.13000,1.81000,1.46000,1.18000,1.00000,0.90000,0.85000,0.82000),(52.00000,'17\'20\"',23.80000,17.50000,91.80000,2.16000,1.83000,1.48000,1.19000,1.01000,0.90000,0.85000,0.82000),(53.00000,'17\'40\"',25.20000,17.50000,91.80000,2.20000,1.86000,1.50000,1.20000,1.01000,0.91000,0.85000,0.82000),(54.00000,'18\'00\"',27.00000,17.50000,87.50000,2.23000,1.89000,1.52000,1.22000,1.02000,0.91000,0.85000,0.82000),(55.00000,'18\'20\"',26.60000,17.50000,87.50000,2.28000,1.93000,1.54000,1.23000,1.03000,0.92000,0.85000,0.82000),(56.00000,'18\'40\"',27.00000,17.50000,87.50000,2.32000,1.96000,1.56000,1.24000,1.04000,0.92000,0.86000,0.82000),(57.00000,'19\'00\"',26.70000,17.50000,83.00000,2.36000,1.99000,1.59000,1.26000,1.05000,0.92000,0.86000,0.82000),(58.00000,'19\'20\"',25.90000,17.50000,83.00000,2.39000,2.02000,1.61000,1.27000,1.05000,0.93000,0.86000,0.83000),(59.00000,'19\'40\"',25.80000,17.50000,83.00000,2.42000,2.05000,1.63000,1.28000,1.06000,0.93000,0.86000,0.83000),(60.00000,'20\'00\"',24.70000,17.50000,78.60000,2.45000,2.07000,1.65000,1.30000,1.07000,0.94000,0.86000,0.83000),(61.00000,'20\'20\"',25.50000,17.50000,78.60000,2.47000,2.09000,1.67000,1.31000,1.08000,0.94000,0.87000,0.83000),(62.00000,'20\'40\"',25.80000,17.50000,78.60000,2.49000,2.12000,1.68000,1.32000,1.08000,0.94000,0.87000,0.83000),(63.00000,'21\'00\"',26.10000,17.50000,74.20000,2.51000,2.14000,1.70000,1.33000,1.09000,0.95000,0.87000,0.83000),(64.00000,'21\'20\"',25.50000,17.50000,74.20000,2.53000,2.16000,1.72000,1.35000,1.10000,0.95000,0.87000,0.83000),(65.00000,'21\'40\"',25.00000,17.50000,74.20000,2.55000,2.18000,1.74000,1.36000,1.10000,0.96000,0.87000,0.83000),(66.00000,'22\'00\"',23.40000,17.50000,70.00000,2.56000,2.20000,1.76000,1.37000,1.11000,0.96000,0.88000,0.83000),(67.00000,'22\'20\"',22.30000,17.50000,70.00000,2.57000,2.22000,1.77000,1.38000,1.12000,0.96000,0.88000,0.83000),(68.00000,'22\'40\"',23.60000,17.50000,70.00000,2.57000,2.23000,1.78000,1.39000,1.12000,0.97000,0.88000,0.84000),(69.00000,'23\'00\"',23.90000,17.50000,65.90000,2.57000,2.24000,1.80000,1.40000,1.13000,0.97000,0.88000,0.84000),(70.00000,'23\'20\"',23.60000,17.50000,65.90000,2.58000,2.26000,1.81000,1.41000,1.14000,0.97000,0.88000,0.84000),(71.00000,'23\'40\"',23.40000,17.50000,65.90000,2.58000,2.27000,1.83000,1.42000,1.14000,0.98000,0.89000,0.84000),(72.00000,'24\'00\"',23.90000,17.50000,61.80000,2.59000,2.28000,1.84000,1.43000,1.15000,0.98000,0.89000,0.84000),(73.00000,'24\'20\"',23.00000,17.50000,61.80000,2.59000,2.29000,1.85000,1.44000,1.15000,0.98000,0.89000,0.84000),(74.00000,'24\'40\"',23.00000,17.50000,61.80000,2.59000,2.31000,1.87000,1.45000,1.16000,0.99000,0.89000,0.84000),(75.00000,'25\'00\"',23.90000,17.50000,57.60000,2.60000,2.31000,1.88000,1.46000,1.17000,0.99000,0.89000,0.84000),(76.00000,'25\'20\"',23.80000,17.50000,57.60000,2.60000,2.33000,1.89000,1.47000,1.17000,0.99000,0.90000,0.84000),(77.00000,'25\'40\"',24.10000,17.50000,57.60000,2.60000,2.34000,1.91000,1.48000,1.18000,1.00000,0.90000,0.84000),(78.00000,'26\'00\"',24.40000,17.50000,53.40000,2.61000,2.35000,1.92000,1.49000,1.19000,1.00000,0.90000,0.85000),(79.00000,'26\'20\"',24.40000,17.50000,53.40000,2.62000,2.36000,1.93000,1.50000,1.19000,1.00000,0.90000,0.85000),(80.00000,'26\'40\"',22.70000,17.50000,53.40000,2.62000,2.37000,1.94000,1.51000,1.20000,1.01000,0.90000,0.85000),(81.00000,'27\'00\"',20.20000,17.50000,49.60000,2.62000,2.38000,1.95000,1.52000,1.20000,1.01000,0.90000,0.85000),(82.00000,'27\'20\"',17.70000,17.50000,49.60000,2.61000,2.38000,1.96000,1.53000,1.21000,1.01000,0.91000,0.85000),(83.00000,'27\'40\"',17.70000,17.50000,49.60000,2.58000,2.37000,1.97000,1.53000,1.21000,1.02000,0.91000,0.85000),(84.00000,'28\'00\"',17.70000,17.50000,46.20000,2.55000,2.37000,1.97000,1.54000,1.22000,1.02000,0.91000,0.85000),(85.00000,'28\'20\"',17.70000,17.50000,46.20000,2.53000,2.36000,1.97000,1.54000,1.22000,1.02000,0.91000,0.85000),(86.00000,'28\'40\"',17.50000,17.50000,46.20000,2.51000,2.36000,1.98000,1.55000,1.23000,1.02000,0.91000,0.85000),(87.00000,'29\'00\"',16.10000,17.50000,42.90000,2.49000,2.35000,1.98000,1.56000,1.23000,1.03000,0.91000,0.85000),(88.00000,'29\'20\"',15.50000,17.50000,42.90000,2.46000,2.34000,1.98000,1.56000,1.23000,1.03000,0.91000,0.85000),(89.00000,'29\'40\"',15.30000,17.50000,42.90000,2.43000,2.33000,1.98000,1.56000,1.24000,1.03000,0.91000,0.85000),(90.00000,'30\'00\"',15.30000,17.50000,39.80000,2.40000,2.32000,1.98000,1.57000,1.24000,1.03000,0.92000,0.85000),(91.00000,'30\'20\"',15.30000,17.50000,39.80000,2.38000,2.31000,1.98000,1.57000,1.24000,1.03000,0.92000,0.85000),(92.00000,'30\'40\"',15.20000,17.50000,39.80000,2.35000,2.30000,1.98000,1.57000,1.25000,1.04000,0.92000,0.86000),(93.00000,'31\'00\"',15.30000,17.50000,36.60000,2.33000,2.29000,1.98000,1.58000,1.25000,1.04000,0.92000,0.86000),(94.00000,'31\'20\"',15.30000,17.50000,36.60000,2.31000,2.28000,1.98000,1.58000,1.25000,1.04000,0.92000,0.86000),(95.00000,'31\'40\"',15.20000,17.50000,36.60000,2.29000,2.27000,1.98000,1.58000,1.25000,1.04000,0.92000,0.86000),(96.00000,'32\'00\"',13.90000,17.50000,33.60000,2.27000,2.26000,1.98000,1.59000,1.26000,1.04000,0.92000,0.86000),(97.00000,'32\'20\"',12.30000,17.50000,33.60000,2.24000,2.25000,1.98000,1.59000,1.26000,1.05000,0.92000,0.86000),(98.00000,'32\'40\"',11.10000,17.50000,33.60000,2.21000,2.23000,1.98000,1.59000,1.26000,1.05000,0.92000,0.86000),(99.00000,'33\'00\"',11.30000,17.50000,31.00000,2.18000,2.21000,1.97000,1.59000,1.26000,1.05000,0.93000,0.86000),(100.00000,'33\'20\"',9.70000,17.50000,31.00000,2.14000,2.20000,1.97000,1.59000,1.27000,1.05000,0.93000,0.86000),(101.00000,'33\'40\"',8.40000,17.50000,31.00000,2.11000,2.17000,1.96000,1.59000,1.27000,1.05000,0.93000,0.86000),(102.00000,'34\'00\"',8.60000,26.40000,27.50000,2.06000,2.15000,1.95000,1.59000,1.27000,1.05000,0.93000,0.86000),(103.00000,'34\'20\"',8.40000,26.40000,27.50000,2.03000,2.13000,1.94000,1.59000,1.27000,1.05000,0.93000,0.86000),(104.00000,'34\'40\"',8.30000,26.40000,27.50000,1.99000,2.11000,1.94000,1.59000,1.27000,1.05000,0.93000,0.86000),(105.00000,'35\'00\"',8.10000,17.50000,25.20000,1.95000,2.09000,1.93000,1.59000,1.27000,1.05000,0.93000,0.86000),(106.00000,'35\'20\"',8.10000,17.50000,25.20000,1.92000,2.06000,1.92000,1.59000,1.27000,1.06000,0.93000,0.86000),(107.00000,'35\'40\"',8.10000,17.50000,25.20000,1.89000,2.04000,1.91000,1.59000,1.27000,1.06000,0.93000,0.86000),(108.00000,'36\'00\"',8.10000,17.50000,23.00000,1.86000,2.02000,1.90000,1.58000,1.27000,1.06000,0.93000,0.86000),(109.00000,'36\'20\"',8.00000,17.50000,23.00000,1.83000,2.00000,1.90000,1.58000,1.27000,1.06000,0.93000,0.86000),(110.00000,'36\'40\"',8.10000,17.50000,23.00000,1.81000,1.98000,1.89000,1.58000,1.27000,1.06000,0.93000,0.86000),(111.00000,'37\'00\"',8.30000,17.50000,20.70000,1.78000,1.97000,1.88000,1.58000,1.27000,1.06000,0.93000,0.86000),(112.00000,'37\'20\"',8.10000,17.50000,20.70000,1.76000,1.95000,1.87000,1.58000,1.27000,1.06000,0.93000,0.86000),(113.00000,'37\'40\"',8.30000,17.50000,20.70000,1.74000,1.93000,1.87000,1.58000,1.28000,1.06000,0.93000,0.86000),(114.00000,'38\'00\"',8.80000,17.50000,18.40000,1.72000,1.92000,1.86000,1.58000,1.28000,1.06000,0.93000,0.86000),(115.00000,'38\'20\"',7.30000,17.50000,18.40000,1.70000,1.90000,1.85000,1.58000,1.28000,1.06000,0.93000,0.86000),(116.00000,'38\'40\"',7.30000,17.50000,18.40000,1.68000,1.88000,1.85000,1.57000,1.28000,1.06000,0.93000,0.86000),(117.00000,'39\'00\"',7.50000,17.50000,16.30000,1.66000,1.87000,1.84000,1.57000,1.28000,1.06000,0.94000,0.86000),(118.00000,'39\'20\"',6.70000,17.50000,16.30000,1.64000,1.85000,1.83000,1.57000,1.28000,1.06000,0.94000,0.87000),(119.00000,'39\'40\"',5.60000,17.50000,16.30000,1.62000,1.83000,1.82000,1.57000,1.28000,1.06000,0.94000,0.87000),(120.00000,'40\'00\"',4.70000,17.50000,14.40000,1.60000,1.81000,1.81000,1.57000,1.28000,1.07000,0.94000,0.87000),(121.00000,'40\'20\"',4.50000,17.50000,14.40000,1.57000,1.79000,1.80000,1.56000,1.28000,1.07000,0.94000,0.87000),(122.00000,'40\'40\"',4.70000,17.50000,14.40000,1.54000,1.77000,1.79000,1.56000,1.28000,1.07000,0.94000,0.87000),(123.00000,'41\'00\"',4.80000,17.50000,12.60000,1.52000,1.75000,1.78000,1.56000,1.28000,1.07000,0.94000,0.87000),(124.00000,'41\'20\"',4.70000,17.50000,12.60000,1.50000,1.73000,1.77000,1.55000,1.28000,1.07000,0.94000,0.87000),(125.00000,'41\'40\"',6.10000,17.50000,12.60000,1.47000,1.71000,1.76000,1.55000,1.28000,1.07000,0.94000,0.87000),(126.00000,'42\'00\"',6.30000,17.50000,10.80000,1.46000,1.70000,1.75000,1.55000,1.28000,1.07000,0.94000,0.87000),(127.00000,'42\'20\"',6.40000,17.50000,10.80000,1.45000,1.69000,1.74000,1.55000,1.28000,1.07000,0.94000,0.87000),(128.00000,'42\'40\"',5.30000,17.50000,10.80000,1.44000,1.67000,1.74000,1.54000,1.28000,1.07000,0.94000,0.87000),(129.00000,'43\'00\"',5.30000,17.50000,8.90000,1.43000,1.66000,1.73000,1.54000,1.28000,1.07000,0.94000,0.87000),(130.00000,'43\'20\"',4.40000,17.50000,8.90000,1.41000,1.64000,1.72000,1.54000,1.28000,1.07000,0.94000,0.87000),(131.00000,'43\'40\"',4.80000,17.50000,8.90000,1.39000,1.63000,1.71000,1.53000,1.27000,1.07000,0.94000,0.87000),(132.00000,'44\'00\"',5.50000,17.50000,7.10000,1.38000,1.61000,1.70000,1.53000,1.27000,1.07000,0.94000,0.87000),(133.00000,'44\'20\"',4.10000,17.50000,7.10000,1.37000,1.60000,1.69000,1.53000,1.27000,1.07000,0.94000,0.87000),(134.00000,'44\'40\"',4.40000,17.50000,7.10000,1.35000,1.58000,1.68000,1.53000,1.27000,1.07000,0.94000,0.87000),(135.00000,'45\'00\"',4.40000,17.50000,5.30000,1.34000,1.57000,1.67000,1.52000,1.27000,1.07000,0.94000,0.87000),(136.00000,'45\'20\"',3.60000,17.50000,5.30000,1.33000,1.55000,1.67000,1.52000,1.27000,1.07000,0.94000,0.87000),(137.00000,'45\'40\"',2.50000,17.50000,5.30000,1.31000,1.54000,1.66000,1.52000,1.27000,1.07000,0.94000,0.87000),(138.00000,'46\'00\"',2.50000,17.50000,3.70000,1.29000,1.52000,1.64000,1.51000,1.27000,1.07000,0.94000,0.87000),(139.00000,'46\'20\"',2.30000,17.50000,3.70000,1.27000,1.50000,1.63000,1.51000,1.27000,1.07000,0.94000,0.87000),(140.00000,'46\'40\"',3.10000,17.50000,3.70000,1.25000,1.49000,1.62000,1.50000,1.27000,1.07000,0.94000,0.87000),(141.00000,'47\'00\"',3.90000,17.50000,2.20000,1.24000,1.47000,1.61000,1.50000,1.27000,1.07000,0.94000,0.87000),(142.00000,'47\'20\"',4.50000,17.50000,2.20000,1.23000,1.46000,1.60000,1.49000,1.27000,1.07000,0.94000,0.87000),(143.00000,'47\'40\"',4.80000,17.50000,2.20000,1.22000,1.45000,1.60000,1.49000,1.27000,1.07000,0.94000,0.87000),(144.00000,'48\'00\"',5.30000,17.50000,0.40000,1.22000,1.44000,1.59000,1.49000,1.27000,1.07000,0.94000,0.87000),(145.00000,'48\'20\"',5.30000,17.50000,0.40000,1.22000,1.43000,1.58000,1.49000,1.27000,1.07000,0.94000,0.87000),(146.00000,'48\'40\"',6.10000,17.50000,0.40000,1.22000,1.42000,1.58000,1.48000,1.26000,1.07000,0.94000,0.87000),(147.00000,'49\'00\"',5.80000,0.00000,0.40000,1.22000,1.42000,1.57000,1.48000,1.26000,1.07000,0.94000,0.87000);
/*!40000 ALTER TABLE `alladin1464` ENABLE KEYS */;
UNLOCK TABLES;

--
-- Table structure for table `alladin1465`
--

DROP TABLE IF EXISTS `alladin1465`;
CREATE TABLE `alladin1465` (
  `PointNo` double(15,5) NOT NULL,
  `Time` varchar(255) default NULL,
  `Depth` double(15,5) default NULL,
  `AirConsumption` double(15,5) default NULL,
  `TankAir` double(15,5) default NULL,
  `Tissue1` double(15,5) default NULL,
  `Tissue2` double(15,5) default NULL,
  `Tissue3` double(15,5) default NULL,
  `Tissue4` double(15,5) default NULL,
  `Tissue5` double(15,5) default NULL,
  `Tissue6` double(15,5) default NULL,
  `Tissue7` double(15,5) default NULL,
  `Tissue8` double(15,5) default NULL,
  PRIMARY KEY  (`PointNo`)
) ENGINE=InnoDB DEFAULT CHARSET=latin1;

--
-- Dumping data for table `alladin1465`
--

LOCK TABLES `alladin1465` WRITE;
/*!40000 ALTER TABLE `alladin1465` DISABLE KEYS */;
INSERT INTO `alladin1465` VALUES (1.00000,'00\'20\"',3.10000,0.00000,0.00000,0.79000,0.79000,0.79000,0.79000,0.79000,0.79000,0.79000,0.79000),(2.00000,'00\'40\"',6.30000,0.00000,0.00000,0.81000,0.80000,0.79000,0.79000,0.79000,0.79000,0.79000,0.79000),(3.00000,'01\'00\"',14.10000,17.10000,100.40000,0.84000,0.81000,0.80000,0.80000,0.79000,0.79000,0.79000,0.79000),(4.00000,'01\'20\"',22.80000,17.10000,100.40000,0.91000,0.85000,0.82000,0.81000,0.80000,0.79000,0.79000,0.79000),(5.00000,'01\'40\"',25.20000,17.10000,100.40000,1.01000,0.91000,0.85000,0.82000,0.81000,0.80000,0.79000,0.79000),(6.00000,'02\'00\"',26.90000,17.10000,96.40000,1.13000,0.97000,0.88000,0.84000,0.81000,0.80000,0.80000,0.79000),(7.00000,'02\'20\"',29.50000,17.10000,96.40000,1.24000,1.03000,0.92000,0.85000,0.82000,0.81000,0.80000,0.79000),(8.00000,'02\'40\"',30.30000,17.10000,96.40000,1.36000,1.10000,0.95000,0.87000,0.83000,0.81000,0.80000,0.80000),(9.00000,'03\'00\"',31.10000,17.10000,91.60000,1.48000,1.17000,0.99000,0.89000,0.84000,0.82000,0.80000,0.80000),(10.00000,'03\'20\"',30.00000,17.10000,91.60000,1.60000,1.24000,1.03000,0.91000,0.85000,0.82000,0.81000,0.80000),(11.00000,'03\'40\"',25.50000,17.10000,91.60000,1.70000,1.30000,1.06000,0.93000,0.86000,0.83000,0.81000,0.80000),(12.00000,'04\'00\"',22.20000,17.10000,87.60000,1.77000,1.35000,1.09000,0.95000,0.87000,0.83000,0.81000,0.80000),(13.00000,'04\'20\"',18.40000,17.10000,87.60000,1.82000,1.39000,1.11000,0.96000,0.88000,0.83000,0.81000,0.80000),(14.00000,'04\'40\"',15.20000,17.10000,87.60000,1.85000,1.42000,1.13000,0.97000,0.88000,0.84000,0.81000,0.80000),(15.00000,'05\'00\"',10.80000,17.10000,85.10000,1.85000,1.44000,1.15000,0.98000,0.89000,0.84000,0.81000,0.80000),(16.00000,'05\'20\"',8.30000,17.10000,85.10000,1.84000,1.44000,1.15000,0.98000,0.89000,0.84000,0.82000,0.80000),(17.00000,'05\'40\"',6.30000,17.10000,85.10000,1.82000,1.44000,1.16000,0.99000,0.89000,0.84000,0.82000,0.80000),(18.00000,'06\'00\"',3.40000,0.00000,85.10000,1.78000,1.44000,1.16000,0.99000,0.89000,0.84000,0.82000,0.80000),(19.00000,'06\'20\"',0.00000,0.00000,85.10000,1.73000,1.42000,1.16000,0.99000,0.89000,0.84000,0.82000,0.80000),(20.00000,'06\'40\"',0.00000,0.00000,85.10000,1.67000,1.40000,1.15000,0.99000,0.89000,0.84000,0.82000,0.80000),(21.00000,'07\'00\"',0.00000,0.00000,85.10000,1.62000,1.38000,1.15000,0.99000,0.89000,0.84000,0.82000,0.80000),(22.00000,'07\'20\"',0.00000,0.00000,85.10000,1.56000,1.36000,1.14000,0.99000,0.89000,0.84000,0.82000,0.80000),(23.00000,'07\'40\"',0.00000,0.00000,85.10000,1.51000,1.35000,1.14000,0.98000,0.89000,0.84000,0.82000,0.80000),(24.00000,'08\'00\"',0.00000,0.00000,85.10000,1.47000,1.33000,1.13000,0.98000,0.89000,0.84000,0.82000,0.80000),(25.00000,'08\'20\"',0.00000,0.00000,85.10000,1.42000,1.31000,1.12000,0.98000,0.89000,0.84000,0.82000,0.80000),(26.00000,'08\'40\"',0.00000,0.00000,85.10000,1.38000,1.29000,1.12000,0.98000,0.89000,0.84000,0.82000,0.80000),(27.00000,'09\'00\"',0.00000,0.00000,85.10000,1.34000,1.28000,1.11000,0.98000,0.89000,0.84000,0.82000,0.80000),(28.00000,'09\'20\"',0.00000,0.00000,85.10000,1.31000,1.26000,1.11000,0.98000,0.89000,0.84000,0.82000,0.80000),(29.00000,'09\'40\"',6.30000,0.00000,85.10000,1.27000,1.24000,1.10000,0.97000,0.89000,0.84000,0.82000,0.80000),(30.00000,'10\'00\"',13.90000,17.10000,83.90000,1.28000,1.25000,1.11000,0.98000,0.89000,0.84000,0.82000,0.80000),(31.00000,'10\'20\"',23.80000,17.10000,83.90000,1.32000,1.27000,1.12000,0.98000,0.90000,0.85000,0.82000,0.80000),(32.00000,'10\'40\"',26.90000,17.10000,83.90000,1.40000,1.31000,1.14000,1.00000,0.90000,0.85000,0.82000,0.81000),(33.00000,'11\'00\"',26.90000,17.10000,79.80000,1.50000,1.37000,1.17000,1.01000,0.91000,0.85000,0.82000,0.81000),(34.00000,'11\'20\"',26.60000,17.10000,79.80000,1.59000,1.42000,1.20000,1.03000,0.92000,0.86000,0.82000,0.81000),(35.00000,'11\'40\"',27.70000,17.10000,79.80000,1.67000,1.46000,1.23000,1.05000,0.93000,0.86000,0.83000,0.81000),(36.00000,'12\'00\"',28.00000,25.70000,73.10000,1.76000,1.51000,1.26000,1.06000,0.94000,0.87000,0.83000,0.81000),(37.00000,'12\'20\"',28.10000,25.70000,73.10000,1.84000,1.56000,1.29000,1.08000,0.94000,0.87000,0.83000,0.81000),(38.00000,'12\'40\"',29.50000,25.70000,73.10000,1.91000,1.61000,1.32000,1.09000,0.95000,0.88000,0.83000,0.81000),(39.00000,'13\'00\"',30.50000,17.10000,68.40000,1.99000,1.66000,1.35000,1.11000,0.96000,0.88000,0.84000,0.81000),(40.00000,'13\'20\"',31.90000,17.10000,68.40000,2.07000,1.71000,1.38000,1.13000,0.97000,0.88000,0.84000,0.81000),(41.00000,'13\'40\"',33.60000,17.10000,68.40000,2.15000,1.76000,1.41000,1.15000,0.98000,0.89000,0.84000,0.82000),(42.00000,'14\'00\"',36.40000,17.10000,63.30000,2.23000,1.82000,1.44000,1.16000,0.99000,0.89000,0.84000,0.82000),(43.00000,'14\'20\"',38.40000,17.10000,63.30000,2.33000,1.88000,1.48000,1.19000,1.00000,0.90000,0.85000,0.82000),(44.00000,'14\'40\"',39.80000,17.10000,63.30000,2.42000,1.94000,1.52000,1.21000,1.01000,0.91000,0.85000,0.82000),(45.00000,'15\'00\"',41.40000,17.10000,57.40000,2.52000,2.01000,1.56000,1.23000,1.03000,0.91000,0.85000,0.82000),(46.00000,'15\'20\"',41.30000,17.10000,57.40000,2.62000,2.07000,1.60000,1.25000,1.04000,0.92000,0.86000,0.82000),(47.00000,'15\'40\"',40.80000,17.10000,57.40000,2.71000,2.14000,1.64000,1.28000,1.05000,0.93000,0.86000,0.83000),(48.00000,'16\'00\"',40.60000,17.10000,51.20000,2.80000,2.20000,1.68000,1.30000,1.06000,0.93000,0.86000,0.83000),(49.00000,'16\'20\"',39.80000,17.10000,51.20000,2.87000,2.26000,1.72000,1.32000,1.08000,0.94000,0.87000,0.83000),(50.00000,'16\'40\"',39.70000,17.10000,51.20000,2.94000,2.31000,1.75000,1.34000,1.09000,0.95000,0.87000,0.83000),(51.00000,'17\'00\"',39.80000,17.10000,45.10000,3.01000,2.37000,1.79000,1.37000,1.10000,0.95000,0.87000,0.83000),(52.00000,'17\'20\"',39.20000,17.10000,45.10000,3.07000,2.42000,1.83000,1.39000,1.11000,0.96000,0.88000,0.83000),(53.00000,'17\'40\"',39.20000,17.10000,45.10000,3.12000,2.47000,1.86000,1.41000,1.12000,0.96000,0.88000,0.83000),(54.00000,'18\'00\"',39.50000,17.10000,39.10000,3.17000,2.51000,1.89000,1.43000,1.14000,0.97000,0.88000,0.84000),(55.00000,'18\'20\"',40.00000,17.10000,39.10000,3.22000,2.56000,1.93000,1.45000,1.15000,0.98000,0.88000,0.84000),(56.00000,'18\'40\"',40.00000,17.10000,39.10000,3.26000,2.61000,1.96000,1.47000,1.16000,0.98000,0.89000,0.84000),(57.00000,'19\'00\"',39.80000,17.10000,33.00000,3.31000,2.65000,1.99000,1.49000,1.17000,0.99000,0.89000,0.84000),(58.00000,'19\'20\"',39.40000,17.10000,33.00000,3.35000,2.69000,2.03000,1.51000,1.18000,0.99000,0.89000,0.84000),(59.00000,'19\'40\"',36.30000,17.10000,33.00000,3.38000,2.73000,2.06000,1.53000,1.19000,1.00000,0.90000,0.84000),(60.00000,'20\'00\"',34.10000,17.10000,27.70000,3.40000,2.76000,2.08000,1.55000,1.20000,1.01000,0.90000,0.85000),(61.00000,'20\'20\"',31.30000,17.10000,27.70000,3.41000,2.79000,2.11000,1.56000,1.21000,1.01000,0.90000,0.85000),(62.00000,'20\'40\"',28.00000,17.10000,27.70000,3.40000,2.80000,2.12000,1.58000,1.22000,1.02000,0.91000,0.85000),(63.00000,'21\'00\"',24.50000,17.10000,23.50000,3.37000,2.81000,2.14000,1.59000,1.23000,1.02000,0.91000,0.85000),(64.00000,'21\'20\"',20.90000,17.10000,23.50000,3.33000,2.80000,2.15000,1.60000,1.23000,1.02000,0.91000,0.85000),(65.00000,'21\'40\"',18.30000,17.10000,23.50000,3.27000,2.79000,2.15000,1.61000,1.24000,1.03000,0.91000,0.85000),(66.00000,'22\'00\"',16.10000,17.10000,20.30000,3.21000,2.77000,2.16000,1.61000,1.24000,1.03000,0.91000,0.85000),(67.00000,'22\'20\"',15.30000,17.10000,20.30000,3.13000,2.75000,2.15000,1.61000,1.25000,1.03000,0.91000,0.85000),(68.00000,'22\'40\"',15.00000,17.10000,20.30000,3.06000,2.73000,2.15000,1.62000,1.25000,1.03000,0.91000,0.85000),(69.00000,'23\'00\"',15.20000,17.10000,17.20000,2.99000,2.70000,2.15000,1.62000,1.25000,1.04000,0.92000,0.85000),(70.00000,'23\'20\"',14.50000,17.10000,17.20000,2.92000,2.68000,2.15000,1.62000,1.26000,1.04000,0.92000,0.85000),(71.00000,'23\'40\"',14.70000,17.10000,17.20000,2.86000,2.65000,2.14000,1.63000,1.26000,1.04000,0.92000,0.86000),(72.00000,'24\'00\"',15.80000,17.10000,14.20000,2.80000,2.63000,2.14000,1.63000,1.26000,1.04000,0.92000,0.86000),(73.00000,'24\'20\"',15.50000,17.10000,14.20000,2.75000,2.61000,2.14000,1.63000,1.27000,1.04000,0.92000,0.86000),(74.00000,'24\'40\"',14.70000,17.10000,14.20000,2.70000,2.59000,2.14000,1.64000,1.27000,1.04000,0.92000,0.86000),(75.00000,'25\'00\"',13.00000,17.10000,11.40000,2.66000,2.57000,2.13000,1.64000,1.27000,1.05000,0.92000,0.86000),(76.00000,'25\'20\"',12.00000,17.10000,11.40000,2.60000,2.55000,2.13000,1.64000,1.27000,1.05000,0.92000,0.86000),(77.00000,'25\'40\"',11.90000,17.10000,11.40000,2.55000,2.52000,2.12000,1.64000,1.28000,1.05000,0.92000,0.86000),(78.00000,'26\'00\"',11.70000,17.10000,8.80000,2.49000,2.49000,2.11000,1.64000,1.28000,1.05000,0.93000,0.86000),(79.00000,'26\'20\"',10.60000,17.10000,8.80000,2.44000,2.47000,2.11000,1.64000,1.28000,1.05000,0.93000,0.86000),(80.00000,'26\'40\"',10.30000,17.10000,8.80000,2.39000,2.44000,2.10000,1.64000,1.28000,1.05000,0.93000,0.86000),(81.00000,'27\'00\"',10.60000,17.10000,6.30000,2.34000,2.41000,2.09000,1.64000,1.28000,1.05000,0.93000,0.86000),(82.00000,'27\'20\"',10.60000,17.10000,6.30000,2.29000,2.39000,2.08000,1.64000,1.28000,1.06000,0.93000,0.86000),(83.00000,'27\'40\"',10.80000,17.10000,6.30000,2.25000,2.36000,2.08000,1.64000,1.28000,1.06000,0.93000,0.86000),(84.00000,'28\'00\"',10.30000,17.10000,3.80000,2.21000,2.34000,2.07000,1.64000,1.29000,1.06000,0.93000,0.86000),(85.00000,'28\'20\"',8.80000,17.10000,3.80000,2.17000,2.32000,2.06000,1.64000,1.29000,1.06000,0.93000,0.86000),(86.00000,'28\'40\"',7.00000,17.10000,3.80000,2.13000,2.29000,2.05000,1.64000,1.29000,1.06000,0.93000,0.86000),(87.00000,'29\'00\"',5.20000,17.10000,2.00000,2.08000,2.26000,2.04000,1.64000,1.29000,1.06000,0.93000,0.86000),(88.00000,'29\'20\"',3.90000,17.10000,2.00000,2.02000,2.22000,2.03000,1.63000,1.29000,1.06000,0.93000,0.86000),(89.00000,'29\'40\"',4.10000,17.10000,2.00000,1.96000,2.19000,2.01000,1.63000,1.29000,1.06000,0.93000,0.86000),(90.00000,'30\'00\"',4.50000,17.10000,0.30000,1.91000,2.15000,2.00000,1.63000,1.29000,1.06000,0.93000,0.86000),(91.00000,'30\'20\"',4.70000,17.10000,0.30000,1.86000,2.12000,1.98000,1.62000,1.29000,1.06000,0.93000,0.86000),(92.00000,'30\'40\"',5.00000,17.10000,0.30000,1.81000,2.09000,1.97000,1.62000,1.29000,1.06000,0.93000,0.86000),(93.00000,'31\'00\"',3.40000,0.00000,0.30000,1.77000,2.06000,1.96000,1.61000,1.29000,1.06000,0.93000,0.86000);
/*!40000 ALTER TABLE `alladin1465` ENABLE KEYS */;
UNLOCK TABLES;

--
-- Table structure for table `alladin1466`
--

DROP TABLE IF EXISTS `alladin1466`;
CREATE TABLE `alladin1466` (
  `PointNo` double(15,5) NOT NULL,
  `Time` varchar(255) default NULL,
  `Depth` double(15,5) default NULL,
  `AirConsumption` double(15,5) default NULL,
  `TankAir` double(15,5) default NULL,
  `Tissue1` double(15,5) default NULL,
  `Tissue2` double(15,5) default NULL,
  `Tissue3` double(15,5) default NULL,
  `Tissue4` double(15,5) default NULL,
  `Tissue5` double(15,5) default NULL,
  `Tissue6` double(15,5) default NULL,
  `Tissue7` double(15,5) default NULL,
  `Tissue8` double(15,5) default NULL,
  PRIMARY KEY  (`PointNo`)
) ENGINE=InnoDB DEFAULT CHARSET=latin1;

--
-- Dumping data for table `alladin1466`
--

LOCK TABLES `alladin1466` WRITE;
/*!40000 ALTER TABLE `alladin1466` DISABLE KEYS */;
INSERT INTO `alladin1466` VALUES (1.00000,'00\'20\"',4.10000,0.00000,0.00000,0.79000,0.79000,0.79000,0.79000,0.79000,0.79000,0.79000,0.79000),(2.00000,'00\'40\"',5.30000,0.00000,0.00000,0.81000,0.80000,0.80000,0.79000,0.79000,0.79000,0.79000,0.79000),(3.00000,'01\'00\"',9.70000,15.50000,174.40000,0.84000,0.81000,0.80000,0.80000,0.79000,0.79000,0.79000,0.79000),(4.00000,'01\'20\"',15.80000,15.50000,174.40000,0.88000,0.84000,0.81000,0.80000,0.80000,0.79000,0.79000,0.79000),(5.00000,'01\'40\"',21.70000,15.50000,174.40000,0.96000,0.88000,0.83000,0.81000,0.80000,0.80000,0.79000,0.79000),(6.00000,'02\'00\"',27.20000,15.50000,171.60000,1.06000,0.93000,0.86000,0.83000,0.81000,0.80000,0.79000,0.79000),(7.00000,'02\'20\"',30.00000,15.50000,171.60000,1.18000,1.00000,0.90000,0.84000,0.82000,0.80000,0.80000,0.79000),(8.00000,'02\'40\"',30.20000,15.50000,171.60000,1.31000,1.07000,0.93000,0.86000,0.83000,0.81000,0.80000,0.79000),(9.00000,'03\'00\"',34.70000,15.50000,167.10000,1.43000,1.14000,0.97000,0.88000,0.84000,0.81000,0.80000,0.80000),(10.00000,'03\'20\"',38.00000,15.50000,167.10000,1.56000,1.22000,1.01000,0.90000,0.85000,0.82000,0.80000,0.80000),(11.00000,'03\'40\"',37.80000,15.50000,167.10000,1.71000,1.30000,1.06000,0.93000,0.86000,0.83000,0.81000,0.80000),(12.00000,'04\'00\"',37.20000,15.50000,161.90000,1.84000,1.38000,1.10000,0.95000,0.87000,0.83000,0.81000,0.80000),(13.00000,'04\'20\"',37.50000,15.50000,161.90000,1.96000,1.46000,1.15000,0.98000,0.88000,0.84000,0.81000,0.80000),(14.00000,'04\'40\"',37.80000,15.50000,161.90000,2.08000,1.53000,1.19000,1.00000,0.90000,0.84000,0.82000,0.80000),(15.00000,'05\'00\"',37.20000,15.50000,156.70000,2.19000,1.61000,1.23000,1.02000,0.91000,0.85000,0.82000,0.81000),(16.00000,'05\'20\"',37.30000,15.50000,156.70000,2.29000,1.68000,1.27000,1.04000,0.92000,0.86000,0.82000,0.81000),(17.00000,'05\'40\"',38.10000,15.50000,156.70000,2.38000,1.74000,1.32000,1.07000,0.93000,0.86000,0.83000,0.81000),(18.00000,'06\'00\"',39.10000,15.50000,151.40000,2.47000,1.81000,1.36000,1.09000,0.94000,0.87000,0.83000,0.81000),(19.00000,'06\'20\"',39.80000,15.50000,151.40000,2.56000,1.88000,1.40000,1.11000,0.96000,0.87000,0.83000,0.81000),(20.00000,'06\'40\"',40.50000,15.50000,151.40000,2.65000,1.95000,1.44000,1.14000,0.97000,0.88000,0.84000,0.81000),(21.00000,'07\'00\"',40.50000,15.50000,145.90000,2.74000,2.01000,1.48000,1.16000,0.98000,0.89000,0.84000,0.81000),(22.00000,'07\'20\"',40.30000,15.50000,145.90000,2.82000,2.08000,1.52000,1.18000,0.99000,0.89000,0.84000,0.82000),(23.00000,'07\'40\"',39.10000,15.50000,145.90000,2.89000,2.14000,1.56000,1.21000,1.01000,0.90000,0.85000,0.82000),(24.00000,'08\'00\"',39.20000,15.50000,140.40000,2.96000,2.20000,1.60000,1.23000,1.02000,0.91000,0.85000,0.82000),(25.00000,'08\'20\"',39.80000,15.50000,140.40000,3.02000,2.25000,1.64000,1.25000,1.03000,0.91000,0.85000,0.82000),(26.00000,'08\'40\"',39.80000,15.50000,140.40000,3.08000,2.31000,1.68000,1.27000,1.04000,0.92000,0.85000,0.82000),(27.00000,'09\'00\"',40.00000,15.50000,134.90000,3.13000,2.36000,1.72000,1.29000,1.05000,0.92000,0.86000,0.82000),(28.00000,'09\'20\"',39.80000,15.50000,134.90000,3.18000,2.41000,1.75000,1.32000,1.07000,0.93000,0.86000,0.83000),(29.00000,'09\'40\"',38.30000,15.50000,134.90000,3.23000,2.46000,1.79000,1.34000,1.08000,0.94000,0.86000,0.83000),(30.00000,'10\'00\"',38.30000,15.50000,129.50000,3.27000,2.51000,1.82000,1.36000,1.09000,0.94000,0.87000,0.83000),(31.00000,'10\'20\"',38.60000,15.50000,129.50000,3.30000,2.55000,1.85000,1.38000,1.10000,0.95000,0.87000,0.83000),(32.00000,'10\'40\"',38.80000,15.50000,129.50000,3.34000,2.59000,1.89000,1.40000,1.11000,0.96000,0.87000,0.83000),(33.00000,'11\'00\"',39.10000,15.50000,124.10000,3.37000,2.63000,1.92000,1.42000,1.12000,0.96000,0.88000,0.83000),(34.00000,'11\'20\"',38.40000,15.50000,124.10000,3.40000,2.67000,1.95000,1.44000,1.13000,0.97000,0.88000,0.84000),(35.00000,'11\'40\"',36.70000,15.50000,124.10000,3.43000,2.71000,1.98000,1.46000,1.15000,0.97000,0.88000,0.84000),(36.00000,'12\'00\"',36.70000,15.50000,118.90000,3.45000,2.74000,2.01000,1.48000,1.16000,0.98000,0.89000,0.84000),(37.00000,'12\'20\"',36.70000,15.50000,118.90000,3.46000,2.78000,2.04000,1.50000,1.17000,0.98000,0.89000,0.84000),(38.00000,'12\'40\"',35.90000,15.50000,118.90000,3.48000,2.81000,2.07000,1.52000,1.18000,0.99000,0.89000,0.84000),(39.00000,'13\'00\"',35.90000,15.50000,113.80000,3.49000,2.83000,2.09000,1.53000,1.19000,1.00000,0.89000,0.84000),(40.00000,'13\'20\"',36.40000,15.50000,113.80000,3.50000,2.86000,2.12000,1.55000,1.20000,1.00000,0.90000,0.84000),(41.00000,'13\'40\"',35.60000,15.50000,113.80000,3.51000,2.89000,2.14000,1.57000,1.21000,1.01000,0.90000,0.85000),(42.00000,'14\'00\"',35.20000,15.50000,108.80000,3.51000,2.91000,2.17000,1.58000,1.22000,1.01000,0.90000,0.85000),(43.00000,'14\'20\"',34.10000,15.50000,108.80000,3.52000,2.93000,2.19000,1.60000,1.23000,1.02000,0.91000,0.85000),(44.00000,'14\'40\"',30.30000,15.50000,108.80000,3.52000,2.95000,2.21000,1.62000,1.24000,1.02000,0.91000,0.85000),(45.00000,'15\'00\"',27.50000,29.40000,101.00000,3.49000,2.96000,2.23000,1.63000,1.25000,1.03000,0.91000,0.85000),(46.00000,'15\'20\"',24.10000,29.40000,101.00000,3.46000,2.96000,2.24000,1.64000,1.25000,1.03000,0.91000,0.85000),(47.00000,'15\'40\"',20.80000,29.40000,101.00000,3.41000,2.95000,2.25000,1.65000,1.26000,1.03000,0.92000,0.85000),(48.00000,'16\'00\"',17.70000,22.70000,96.50000,3.35000,2.93000,2.25000,1.66000,1.26000,1.04000,0.92000,0.85000),(49.00000,'16\'20\"',15.90000,22.70000,96.50000,3.27000,2.91000,2.25000,1.66000,1.27000,1.04000,0.92000,0.85000),(50.00000,'16\'40\"',15.80000,22.70000,96.50000,3.19000,2.88000,2.25000,1.66000,1.27000,1.04000,0.92000,0.86000),(51.00000,'17\'00\"',16.30000,35.70000,89.90000,3.12000,2.85000,2.24000,1.67000,1.27000,1.04000,0.92000,0.86000),(52.00000,'17\'20\"',16.40000,35.70000,89.90000,3.05000,2.83000,2.24000,1.67000,1.28000,1.05000,0.92000,0.86000),(53.00000,'17\'40\"',17.50000,35.70000,89.90000,2.99000,2.80000,2.24000,1.67000,1.28000,1.05000,0.92000,0.86000),(54.00000,'18\'00\"',16.90000,22.70000,85.60000,2.94000,2.78000,2.24000,1.68000,1.28000,1.05000,0.92000,0.86000),(55.00000,'18\'20\"',17.80000,22.70000,85.60000,2.88000,2.76000,2.23000,1.68000,1.29000,1.05000,0.93000,0.86000),(56.00000,'18\'40\"',17.80000,22.70000,85.60000,2.84000,2.74000,2.23000,1.69000,1.29000,1.06000,0.93000,0.86000),(57.00000,'19\'00\"',17.70000,15.50000,82.50000,2.80000,2.72000,2.23000,1.69000,1.29000,1.06000,0.93000,0.86000),(58.00000,'19\'20\"',16.60000,15.50000,82.50000,2.76000,2.70000,2.23000,1.69000,1.30000,1.06000,0.93000,0.86000),(59.00000,'19\'40\"',16.10000,15.50000,82.50000,2.72000,2.68000,2.23000,1.70000,1.30000,1.06000,0.93000,0.86000),(60.00000,'20\'00\"',16.40000,15.50000,79.70000,2.67000,2.66000,2.23000,1.70000,1.31000,1.06000,0.93000,0.86000),(61.00000,'20\'20\"',16.30000,15.50000,79.70000,2.64000,2.65000,2.23000,1.70000,1.31000,1.07000,0.93000,0.86000),(62.00000,'20\'40\"',16.30000,15.50000,79.70000,2.60000,2.63000,2.22000,1.71000,1.31000,1.07000,0.93000,0.86000),(63.00000,'21\'00\"',16.10000,15.50000,76.80000,2.57000,2.61000,2.22000,1.71000,1.31000,1.07000,0.94000,0.86000),(64.00000,'21\'20\"',16.40000,15.50000,76.80000,2.53000,2.59000,2.22000,1.71000,1.32000,1.07000,0.94000,0.86000),(65.00000,'21\'40\"',17.50000,15.50000,76.80000,2.50000,2.57000,2.22000,1.72000,1.32000,1.07000,0.94000,0.87000),(66.00000,'22\'00\"',20.20000,15.50000,73.80000,2.48000,2.56000,2.21000,1.72000,1.32000,1.08000,0.94000,0.87000),(67.00000,'22\'20\"',24.10000,15.50000,73.80000,2.48000,2.56000,2.22000,1.72000,1.33000,1.08000,0.94000,0.87000),(68.00000,'22\'40\"',27.20000,15.50000,73.80000,2.49000,2.56000,2.23000,1.73000,1.33000,1.08000,0.94000,0.87000),(69.00000,'23\'00\"',29.40000,15.50000,70.00000,2.52000,2.57000,2.24000,1.74000,1.34000,1.09000,0.94000,0.87000),(70.00000,'23\'20\"',31.70000,15.50000,70.00000,2.56000,2.59000,2.25000,1.75000,1.35000,1.09000,0.95000,0.87000),(71.00000,'23\'40\"',32.80000,15.50000,70.00000,2.61000,2.61000,2.27000,1.77000,1.36000,1.10000,0.95000,0.87000),(72.00000,'24\'00\"',33.40000,15.50000,65.40000,2.66000,2.64000,2.29000,1.78000,1.37000,1.10000,0.95000,0.87000),(73.00000,'24\'20\"',34.50000,15.50000,65.40000,2.71000,2.66000,2.31000,1.79000,1.37000,1.11000,0.95000,0.87000),(74.00000,'24\'40\"',34.70000,15.50000,65.40000,2.76000,2.69000,2.33000,1.81000,1.38000,1.11000,0.96000,0.88000),(75.00000,'25\'00\"',35.20000,15.50000,60.50000,2.81000,2.72000,2.35000,1.82000,1.39000,1.12000,0.96000,0.88000),(76.00000,'25\'20\"',36.10000,15.50000,60.50000,2.86000,2.75000,2.37000,1.84000,1.40000,1.12000,0.96000,0.88000),(77.00000,'25\'40\"',36.10000,15.50000,60.50000,2.91000,2.78000,2.39000,1.85000,1.41000,1.13000,0.96000,0.88000),(78.00000,'26\'00\"',36.60000,15.50000,55.30000,2.95000,2.80000,2.41000,1.87000,1.42000,1.13000,0.97000,0.88000),(79.00000,'26\'20\"',36.40000,15.50000,55.30000,3.00000,2.83000,2.43000,1.88000,1.43000,1.14000,0.97000,0.88000),(80.00000,'26\'40\"',36.70000,15.50000,55.30000,3.04000,2.86000,2.45000,1.90000,1.44000,1.14000,0.97000,0.88000),(81.00000,'27\'00\"',36.60000,15.50000,50.20000,3.09000,2.89000,2.47000,1.91000,1.45000,1.15000,0.98000,0.89000),(82.00000,'27\'20\"',35.50000,15.50000,50.20000,3.12000,2.91000,2.49000,1.93000,1.46000,1.15000,0.98000,0.89000),(83.00000,'27\'40\"',33.90000,15.50000,50.20000,3.15000,2.94000,2.51000,1.94000,1.47000,1.16000,0.98000,0.89000),(84.00000,'28\'00\"',32.20000,15.50000,45.50000,3.17000,2.95000,2.52000,1.95000,1.47000,1.16000,0.98000,0.89000),(85.00000,'28\'20\"',30.60000,15.50000,45.50000,3.18000,2.97000,2.54000,1.96000,1.48000,1.17000,0.99000,0.89000),(86.00000,'28\'40\"',28.90000,15.50000,45.50000,3.19000,2.97000,2.55000,1.97000,1.49000,1.17000,0.99000,0.89000),(87.00000,'29\'00\"',25.60000,15.50000,41.60000,3.18000,2.98000,2.56000,1.98000,1.50000,1.17000,0.99000,0.89000),(88.00000,'29\'20\"',23.00000,15.50000,41.60000,3.16000,2.97000,2.56000,1.99000,1.50000,1.18000,0.99000,0.89000),(89.00000,'29\'40\"',19.50000,15.50000,41.60000,3.12000,2.96000,2.56000,2.00000,1.51000,1.18000,0.99000,0.89000),(90.00000,'30\'00\"',16.90000,15.50000,38.60000,3.07000,2.94000,2.56000,2.00000,1.51000,1.18000,1.00000,0.90000),(91.00000,'30\'20\"',15.60000,15.50000,38.60000,3.01000,2.91000,2.55000,2.00000,1.51000,1.19000,1.00000,0.90000),(92.00000,'30\'40\"',14.20000,15.50000,38.60000,2.94000,2.88000,2.54000,2.00000,1.51000,1.19000,1.00000,0.90000),(93.00000,'31\'00\"',13.00000,15.50000,36.00000,2.88000,2.85000,2.53000,2.00000,1.52000,1.19000,1.00000,0.90000),(94.00000,'31\'20\"',11.10000,15.50000,36.00000,2.81000,2.82000,2.52000,2.00000,1.52000,1.19000,1.00000,0.90000),(95.00000,'31\'40\"',10.80000,15.50000,36.00000,2.74000,2.78000,2.51000,1.99000,1.52000,1.19000,1.00000,0.90000),(96.00000,'32\'00\"',10.50000,15.50000,33.70000,2.67000,2.74000,2.49000,1.99000,1.52000,1.19000,1.00000,0.90000),(97.00000,'32\'20\"',10.00000,15.50000,33.70000,2.60000,2.71000,2.48000,1.99000,1.52000,1.19000,1.00000,0.90000),(98.00000,'32\'40\"',9.70000,15.50000,33.70000,2.53000,2.67000,2.46000,1.99000,1.52000,1.19000,1.00000,0.90000),(99.00000,'33\'00\"',8.90000,15.50000,31.60000,2.47000,2.63000,2.45000,1.98000,1.52000,1.19000,1.00000,0.90000),(100.00000,'33\'20\"',8.60000,15.50000,31.60000,2.41000,2.60000,2.43000,1.98000,1.52000,1.20000,1.00000,0.90000),(101.00000,'33\'40\"',7.70000,15.50000,31.60000,2.35000,2.56000,2.42000,1.97000,1.52000,1.20000,1.00000,0.90000),(102.00000,'34\'00\"',5.80000,15.50000,29.90000,2.28000,2.52000,2.40000,1.97000,1.52000,1.20000,1.00000,0.90000),(103.00000,'34\'20\"',5.50000,15.50000,29.90000,2.22000,2.48000,2.38000,1.96000,1.52000,1.20000,1.01000,0.90000),(104.00000,'34\'40\"',4.50000,15.50000,29.90000,2.15000,2.44000,2.36000,1.96000,1.52000,1.20000,1.01000,0.90000),(105.00000,'35\'00\"',4.70000,15.50000,28.30000,2.09000,2.39000,2.34000,1.95000,1.51000,1.20000,1.01000,0.90000),(106.00000,'35\'20\"',4.70000,15.50000,28.30000,2.03000,2.35000,2.32000,1.94000,1.51000,1.20000,1.01000,0.90000),(107.00000,'35\'40\"',5.20000,15.50000,28.30000,1.97000,2.32000,2.30000,1.94000,1.51000,1.20000,1.01000,0.90000),(108.00000,'36\'00\"',4.40000,15.50000,26.70000,1.92000,2.28000,2.28000,1.93000,1.51000,1.20000,1.01000,0.90000),(109.00000,'36\'20\"',4.70000,15.50000,26.70000,1.87000,2.24000,2.26000,1.92000,1.51000,1.20000,1.01000,0.90000),(110.00000,'36\'40\"',4.80000,15.50000,26.70000,1.83000,2.21000,2.25000,1.92000,1.51000,1.20000,1.01000,0.90000),(111.00000,'37\'00\"',5.00000,15.50000,25.10000,1.78000,2.17000,2.23000,1.91000,1.50000,1.20000,1.01000,0.90000),(112.00000,'37\'20\"',5.80000,15.50000,25.10000,1.75000,2.14000,2.21000,1.91000,1.50000,1.20000,1.01000,0.90000),(113.00000,'37\'40\"',5.60000,15.50000,25.10000,1.71000,2.11000,2.20000,1.90000,1.50000,1.20000,1.01000,0.90000),(114.00000,'38\'00\"',5.80000,15.50000,23.30000,1.68000,2.08000,2.18000,1.89000,1.50000,1.20000,1.01000,0.90000),(115.00000,'38\'20\"',5.90000,15.50000,23.30000,1.65000,2.05000,2.16000,1.89000,1.50000,1.20000,1.01000,0.90000),(116.00000,'38\'40\"',5.90000,15.50000,23.30000,1.63000,2.03000,2.15000,1.88000,1.50000,1.20000,1.01000,0.90000),(117.00000,'39\'00\"',5.60000,15.50000,21.60000,1.60000,2.00000,2.13000,1.88000,1.50000,1.20000,1.01000,0.90000),(118.00000,'39\'20\"',4.80000,15.50000,21.60000,1.58000,1.98000,2.12000,1.87000,1.50000,1.20000,1.01000,0.90000),(119.00000,'39\'40\"',5.60000,15.50000,21.60000,1.55000,1.95000,2.10000,1.87000,1.50000,1.20000,1.01000,0.90000),(120.00000,'40\'00\"',5.60000,15.50000,19.90000,1.53000,1.93000,2.09000,1.86000,1.49000,1.20000,1.01000,0.90000),(121.00000,'40\'20\"',4.80000,15.50000,19.90000,1.51000,1.90000,2.08000,1.86000,1.49000,1.20000,1.01000,0.90000),(122.00000,'40\'40\"',5.50000,15.50000,19.90000,1.49000,1.88000,2.06000,1.85000,1.49000,1.20000,1.01000,0.90000),(123.00000,'41\'00\"',5.20000,15.50000,18.30000,1.48000,1.86000,2.05000,1.85000,1.49000,1.20000,1.01000,0.90000),(124.00000,'41\'20\"',4.50000,15.50000,18.30000,1.46000,1.84000,2.03000,1.84000,1.49000,1.20000,1.01000,0.90000),(125.00000,'41\'40\"',4.40000,15.50000,18.30000,1.44000,1.82000,2.02000,1.84000,1.49000,1.20000,1.01000,0.90000),(126.00000,'42\'00\"',4.40000,15.50000,16.70000,1.42000,1.79000,2.00000,1.83000,1.49000,1.20000,1.01000,0.90000),(127.00000,'42\'20\"',4.50000,15.50000,16.70000,1.40000,1.77000,1.99000,1.82000,1.49000,1.20000,1.01000,0.90000),(128.00000,'42\'40\"',4.70000,15.50000,16.70000,1.38000,1.75000,1.98000,1.82000,1.48000,1.20000,1.01000,0.90000),(129.00000,'43\'00\"',4.40000,15.50000,15.10000,1.37000,1.73000,1.96000,1.81000,1.48000,1.20000,1.01000,0.90000),(130.00000,'43\'20\"',4.80000,15.50000,15.10000,1.35000,1.71000,1.95000,1.81000,1.48000,1.20000,1.01000,0.90000),(131.00000,'43\'40\"',5.00000,15.50000,15.10000,1.34000,1.69000,1.94000,1.80000,1.48000,1.20000,1.01000,0.90000),(132.00000,'44\'00\"',4.80000,15.50000,13.40000,1.33000,1.68000,1.92000,1.80000,1.48000,1.20000,1.01000,0.91000),(133.00000,'44\'20\"',5.80000,15.50000,13.40000,1.32000,1.66000,1.91000,1.79000,1.48000,1.20000,1.01000,0.91000),(134.00000,'44\'40\"',6.10000,15.50000,13.40000,1.32000,1.65000,1.90000,1.79000,1.48000,1.20000,1.01000,0.91000),(135.00000,'45\'00\"',6.10000,15.50000,11.70000,1.31000,1.64000,1.89000,1.78000,1.48000,1.20000,1.01000,0.91000),(136.00000,'45\'20\"',5.90000,15.50000,11.70000,1.31000,1.62000,1.88000,1.78000,1.48000,1.20000,1.01000,0.91000),(137.00000,'45\'40\"',6.10000,15.50000,11.70000,1.31000,1.61000,1.87000,1.77000,1.47000,1.20000,1.01000,0.91000),(138.00000,'46\'00\"',6.10000,15.50000,9.90000,1.31000,1.60000,1.86000,1.77000,1.47000,1.20000,1.01000,0.91000),(139.00000,'46\'20\"',6.30000,15.50000,9.90000,1.30000,1.59000,1.85000,1.77000,1.47000,1.20000,1.01000,0.91000),(140.00000,'46\'40\"',5.60000,15.50000,9.90000,1.30000,1.58000,1.84000,1.76000,1.47000,1.20000,1.01000,0.91000),(141.00000,'47\'00\"',5.20000,15.50000,8.20000,1.30000,1.57000,1.83000,1.76000,1.47000,1.20000,1.01000,0.91000),(142.00000,'47\'20\"',5.00000,15.50000,8.20000,1.29000,1.56000,1.82000,1.75000,1.47000,1.20000,1.01000,0.91000),(143.00000,'47\'40\"',4.40000,15.50000,8.20000,1.28000,1.54000,1.81000,1.75000,1.47000,1.20000,1.01000,0.91000),(144.00000,'48\'00\"',5.20000,22.70000,5.90000,1.27000,1.53000,1.80000,1.74000,1.47000,1.20000,1.01000,0.91000),(145.00000,'48\'20\"',5.30000,22.70000,5.90000,1.27000,1.52000,1.79000,1.74000,1.47000,1.20000,1.01000,0.91000),(146.00000,'48\'40\"',5.20000,22.70000,5.90000,1.27000,1.51000,1.78000,1.73000,1.46000,1.20000,1.01000,0.91000),(147.00000,'49\'00\"',5.30000,22.70000,3.50000,1.26000,1.50000,1.77000,1.73000,1.46000,1.20000,1.01000,0.91000),(148.00000,'49\'20\"',5.30000,22.70000,3.50000,1.26000,1.49000,1.76000,1.73000,1.46000,1.20000,1.01000,0.91000),(149.00000,'49\'40\"',4.70000,22.70000,3.50000,1.26000,1.48000,1.75000,1.72000,1.46000,1.20000,1.01000,0.91000),(150.00000,'50\'00\"',3.80000,15.50000,1.90000,1.25000,1.47000,1.74000,1.72000,1.46000,1.20000,1.01000,0.91000),(151.00000,'50\'20\"',3.90000,15.50000,1.90000,1.24000,1.46000,1.73000,1.71000,1.46000,1.20000,1.01000,0.91000),(152.00000,'50\'40\"',3.30000,15.50000,1.90000,1.23000,1.45000,1.72000,1.71000,1.46000,1.20000,1.01000,0.91000),(153.00000,'51\'00\"',3.90000,22.70000,-0.20000,1.22000,1.43000,1.71000,1.70000,1.46000,1.20000,1.01000,0.91000),(154.00000,'51\'20\"',3.90000,22.70000,-0.20000,1.21000,1.42000,1.70000,1.70000,1.45000,1.20000,1.01000,0.91000);
/*!40000 ALTER TABLE `alladin1466` ENABLE KEYS */;
UNLOCK TABLES;

--
-- Table structure for table `alladin1467`
--

DROP TABLE IF EXISTS `alladin1467`;
CREATE TABLE `alladin1467` (
  `PointNo` double(15,5) NOT NULL,
  `Time` varchar(255) default NULL,
  `Depth` double(15,5) default NULL,
  `AirConsumption` double(15,5) default NULL,
  `TankAir` double(15,5) default NULL,
  `Tissue1` double(15,5) default NULL,
  `Tissue2` double(15,5) default NULL,
  `Tissue3` double(15,5) default NULL,
  `Tissue4` double(15,5) default NULL,
  `Tissue5` double(15,5) default NULL,
  `Tissue6` double(15,5) default NULL,
  `Tissue7` double(15,5) default NULL,
  `Tissue8` double(15,5) default NULL,
  PRIMARY KEY  (`PointNo`)
) ENGINE=InnoDB DEFAULT CHARSET=latin1;

--
-- Dumping data for table `alladin1467`
--

LOCK TABLES `alladin1467` WRITE;
/*!40000 ALTER TABLE `alladin1467` DISABLE KEYS */;
INSERT INTO `alladin1467` VALUES (1.00000,'00\'20\"',4.40000,0.00000,0.00000,0.79000,0.79000,0.79000,0.79000,0.79000,0.79000,0.79000,0.79000),(2.00000,'00\'40\"',5.00000,0.00000,0.00000,0.81000,0.80000,0.80000,0.79000,0.79000,0.79000,0.79000,0.79000),(3.00000,'01\'00\"',7.30000,17.00000,122.30000,0.84000,0.81000,0.80000,0.80000,0.79000,0.79000,0.79000,0.79000),(4.00000,'01\'20\"',15.20000,17.00000,122.30000,0.87000,0.83000,0.81000,0.80000,0.80000,0.79000,0.79000,0.79000),(5.00000,'01\'40\"',25.00000,17.00000,122.30000,0.94000,0.87000,0.83000,0.81000,0.80000,0.80000,0.79000,0.79000),(6.00000,'02\'00\"',32.00000,17.00000,119.20000,1.06000,0.93000,0.86000,0.83000,0.81000,0.80000,0.79000,0.79000),(7.00000,'02\'20\"',32.00000,17.00000,119.20000,1.21000,1.01000,0.90000,0.85000,0.82000,0.80000,0.80000,0.79000),(8.00000,'02\'40\"',31.90000,17.00000,119.20000,1.34000,1.09000,0.94000,0.87000,0.83000,0.81000,0.80000,0.79000),(9.00000,'03\'00\"',30.60000,17.00000,114.30000,1.47000,1.16000,0.98000,0.89000,0.84000,0.82000,0.80000,0.80000),(10.00000,'03\'20\"',30.20000,17.00000,114.30000,1.58000,1.23000,1.02000,0.91000,0.85000,0.82000,0.81000,0.80000),(11.00000,'03\'40\"',29.80000,17.00000,114.30000,1.68000,1.29000,1.05000,0.93000,0.86000,0.82000,0.81000,0.80000),(12.00000,'04\'00\"',29.70000,17.00000,109.40000,1.78000,1.35000,1.09000,0.94000,0.87000,0.83000,0.81000,0.80000),(13.00000,'04\'20\"',29.20000,17.00000,109.40000,1.87000,1.41000,1.12000,0.96000,0.88000,0.83000,0.81000,0.80000),(14.00000,'04\'40\"',23.60000,17.00000,109.40000,1.95000,1.46000,1.16000,0.98000,0.89000,0.84000,0.81000,0.80000),(15.00000,'05\'00\"',17.80000,17.00000,106.00000,1.99000,1.50000,1.18000,0.99000,0.89000,0.84000,0.82000,0.80000),(16.00000,'05\'20\"',15.60000,17.00000,106.00000,2.00000,1.53000,1.20000,1.00000,0.90000,0.85000,0.82000,0.80000),(17.00000,'05\'40\"',13.30000,17.00000,106.00000,2.01000,1.54000,1.21000,1.01000,0.90000,0.85000,0.82000,0.80000),(18.00000,'06\'00\"',10.00000,17.00000,103.60000,1.99000,1.55000,1.22000,1.02000,0.91000,0.85000,0.82000,0.81000),(19.00000,'06\'20\"',8.10000,17.00000,103.60000,1.97000,1.55000,1.23000,1.02000,0.91000,0.85000,0.82000,0.81000),(20.00000,'06\'40\"',5.00000,17.00000,103.60000,1.93000,1.55000,1.23000,1.03000,0.91000,0.85000,0.82000,0.81000),(21.00000,'07\'00\"',3.30000,17.00000,102.00000,1.89000,1.54000,1.23000,1.03000,0.91000,0.85000,0.82000,0.81000),(22.00000,'07\'20\"',0.80000,17.00000,102.00000,1.83000,1.52000,1.23000,1.03000,0.92000,0.85000,0.82000,0.81000),(23.00000,'07\'40\"',0.00000,17.00000,102.00000,1.77000,1.50000,1.22000,1.03000,0.92000,0.85000,0.82000,0.81000),(24.00000,'08\'00\"',0.00000,0.00000,102.00000,1.71000,1.48000,1.21000,1.03000,0.91000,0.85000,0.82000,0.81000),(25.00000,'08\'20\"',0.00000,0.00000,102.00000,1.65000,1.45000,1.21000,1.02000,0.91000,0.85000,0.82000,0.81000),(26.00000,'08\'40\"',0.00000,0.00000,102.00000,1.59000,1.43000,1.20000,1.02000,0.91000,0.85000,0.82000,0.81000),(27.00000,'09\'00\"',0.00000,0.00000,102.00000,1.54000,1.41000,1.19000,1.02000,0.91000,0.85000,0.82000,0.81000),(28.00000,'09\'20\"',0.00000,0.00000,102.00000,1.49000,1.39000,1.19000,1.02000,0.91000,0.85000,0.82000,0.81000),(29.00000,'09\'40\"',1.60000,0.00000,102.00000,1.45000,1.37000,1.18000,1.02000,0.91000,0.85000,0.82000,0.81000),(30.00000,'10\'00\"',4.70000,17.00000,100.80000,1.41000,1.36000,1.18000,1.02000,0.91000,0.85000,0.82000,0.81000),(31.00000,'10\'20\"',14.20000,17.00000,100.80000,1.40000,1.35000,1.18000,1.02000,0.91000,0.85000,0.82000,0.81000),(32.00000,'10\'40\"',27.20000,17.00000,100.80000,1.43000,1.37000,1.19000,1.02000,0.92000,0.86000,0.82000,0.81000),(33.00000,'11\'00\"',31.10000,17.00000,97.80000,1.53000,1.42000,1.22000,1.04000,0.93000,0.86000,0.83000,0.81000),(34.00000,'11\'20\"',33.30000,17.00000,97.80000,1.64000,1.48000,1.25000,1.06000,0.94000,0.87000,0.83000,0.81000),(35.00000,'11\'40\"',38.40000,17.00000,97.80000,1.75000,1.54000,1.29000,1.08000,0.95000,0.87000,0.83000,0.81000),(36.00000,'12\'00\"',40.20000,25.50000,89.90000,1.89000,1.62000,1.33000,1.10000,0.96000,0.88000,0.83000,0.81000),(37.00000,'12\'20\"',40.50000,25.50000,89.90000,2.02000,1.69000,1.37000,1.12000,0.97000,0.88000,0.84000,0.81000),(38.00000,'12\'40\"',40.20000,25.50000,89.90000,2.15000,1.77000,1.41000,1.15000,0.98000,0.89000,0.84000,0.82000),(39.00000,'13\'00\"',40.20000,17.00000,83.80000,2.26000,1.84000,1.46000,1.17000,1.00000,0.90000,0.84000,0.82000),(40.00000,'13\'20\"',40.50000,17.00000,83.80000,2.37000,1.91000,1.50000,1.19000,1.01000,0.90000,0.85000,0.82000),(41.00000,'13\'40\"',39.80000,17.00000,83.80000,2.48000,1.98000,1.54000,1.22000,1.02000,0.91000,0.85000,0.82000),(42.00000,'14\'00\"',39.50000,17.00000,77.80000,2.57000,2.04000,1.58000,1.24000,1.03000,0.92000,0.85000,0.82000),(43.00000,'14\'20\"',39.70000,17.00000,77.80000,2.66000,2.10000,1.62000,1.26000,1.04000,0.92000,0.86000,0.82000),(44.00000,'14\'40\"',39.10000,17.00000,77.80000,2.74000,2.16000,1.66000,1.28000,1.06000,0.93000,0.86000,0.83000),(45.00000,'15\'00\"',38.40000,17.00000,71.90000,2.81000,2.22000,1.69000,1.31000,1.07000,0.93000,0.86000,0.83000),(46.00000,'15\'20\"',37.50000,17.00000,71.90000,2.88000,2.27000,1.73000,1.33000,1.08000,0.94000,0.87000,0.83000),(47.00000,'15\'40\"',37.70000,17.00000,71.90000,2.93000,2.32000,1.76000,1.35000,1.09000,0.95000,0.87000,0.83000),(48.00000,'16\'00\"',37.20000,17.00000,66.20000,2.99000,2.37000,1.79000,1.37000,1.10000,0.95000,0.87000,0.83000),(49.00000,'16\'20\"',35.00000,17.00000,66.20000,3.04000,2.41000,1.83000,1.39000,1.11000,0.96000,0.88000,0.83000),(50.00000,'16\'40\"',35.30000,17.00000,66.20000,3.07000,2.45000,1.85000,1.40000,1.12000,0.96000,0.88000,0.83000),(51.00000,'17\'00\"',37.30000,17.00000,60.70000,3.10000,2.49000,1.88000,1.42000,1.13000,0.97000,0.88000,0.84000),(52.00000,'17\'20\"',34.20000,17.00000,60.70000,3.14000,2.53000,1.91000,1.44000,1.14000,0.97000,0.88000,0.84000),(53.00000,'17\'40\"',31.30000,17.00000,60.70000,3.17000,2.56000,1.94000,1.46000,1.15000,0.98000,0.89000,0.84000),(54.00000,'18\'00\"',30.30000,17.00000,55.80000,3.17000,2.58000,1.96000,1.47000,1.16000,0.98000,0.89000,0.84000),(55.00000,'18\'20\"',29.70000,17.00000,55.80000,3.17000,2.60000,1.98000,1.49000,1.17000,0.99000,0.89000,0.84000),(56.00000,'18\'40\"',26.70000,17.00000,55.80000,3.17000,2.62000,2.00000,1.50000,1.18000,0.99000,0.89000,0.84000),(57.00000,'19\'00\"',25.20000,17.00000,51.60000,3.15000,2.63000,2.02000,1.51000,1.19000,1.00000,0.90000,0.84000),(58.00000,'19\'20\"',24.20000,17.00000,51.60000,3.13000,2.63000,2.03000,1.52000,1.19000,1.00000,0.90000,0.84000),(59.00000,'19\'40\"',23.00000,17.00000,51.60000,3.10000,2.64000,2.04000,1.53000,1.20000,1.00000,0.90000,0.85000),(60.00000,'20\'00\"',18.30000,17.00000,48.10000,3.07000,2.64000,2.05000,1.54000,1.20000,1.01000,0.90000,0.85000),(61.00000,'20\'20\"',15.90000,17.00000,48.10000,3.02000,2.62000,2.05000,1.55000,1.21000,1.01000,0.90000,0.85000),(62.00000,'20\'40\"',15.30000,17.00000,48.10000,2.95000,2.60000,2.05000,1.55000,1.21000,1.01000,0.90000,0.85000),(63.00000,'21\'00\"',15.20000,17.00000,45.10000,2.89000,2.58000,2.05000,1.56000,1.22000,1.01000,0.91000,0.85000),(64.00000,'21\'20\"',15.00000,17.00000,45.10000,2.83000,2.56000,2.05000,1.56000,1.22000,1.02000,0.91000,0.85000),(65.00000,'21\'40\"',16.10000,17.00000,45.10000,2.78000,2.55000,2.05000,1.56000,1.22000,1.02000,0.91000,0.85000),(66.00000,'22\'00\"',16.90000,17.00000,42.00000,2.73000,2.53000,2.05000,1.57000,1.23000,1.02000,0.91000,0.85000),(67.00000,'22\'20\"',15.60000,17.00000,42.00000,2.69000,2.52000,2.05000,1.57000,1.23000,1.02000,0.91000,0.85000),(68.00000,'22\'40\"',14.50000,17.00000,42.00000,2.65000,2.50000,2.05000,1.58000,1.23000,1.03000,0.91000,0.85000),(69.00000,'23\'00\"',14.70000,17.00000,39.00000,2.60000,2.48000,2.05000,1.58000,1.24000,1.03000,0.91000,0.85000),(70.00000,'23\'20\"',14.70000,17.00000,39.00000,2.56000,2.46000,2.05000,1.58000,1.24000,1.03000,0.91000,0.85000),(71.00000,'23\'40\"',14.70000,17.00000,39.00000,2.52000,2.45000,2.04000,1.59000,1.24000,1.03000,0.91000,0.85000),(72.00000,'24\'00\"',15.20000,17.00000,36.00000,2.49000,2.43000,2.04000,1.59000,1.24000,1.03000,0.92000,0.85000),(73.00000,'24\'20\"',15.30000,17.00000,36.00000,2.45000,2.42000,2.04000,1.59000,1.25000,1.03000,0.92000,0.85000),(74.00000,'24\'40\"',14.40000,17.00000,36.00000,2.42000,2.40000,2.04000,1.59000,1.25000,1.04000,0.92000,0.86000),(75.00000,'25\'00\"',13.60000,17.00000,33.20000,2.39000,2.39000,2.04000,1.60000,1.25000,1.04000,0.92000,0.86000),(76.00000,'25\'20\"',14.80000,17.00000,33.20000,2.36000,2.37000,2.04000,1.60000,1.26000,1.04000,0.92000,0.86000),(77.00000,'25\'40\"',14.20000,17.00000,33.20000,2.33000,2.36000,2.04000,1.60000,1.26000,1.04000,0.92000,0.86000),(78.00000,'26\'00\"',12.70000,17.00000,30.40000,2.31000,2.34000,2.03000,1.61000,1.26000,1.04000,0.92000,0.86000),(79.00000,'26\'20\"',12.20000,17.00000,30.40000,2.27000,2.32000,2.03000,1.61000,1.26000,1.05000,0.92000,0.86000),(80.00000,'26\'40\"',11.30000,17.00000,30.40000,2.24000,2.31000,2.02000,1.61000,1.27000,1.05000,0.92000,0.86000),(81.00000,'27\'00\"',10.50000,17.00000,27.90000,2.20000,2.28000,2.02000,1.61000,1.27000,1.05000,0.92000,0.86000),(82.00000,'27\'20\"',11.30000,17.00000,27.90000,2.16000,2.26000,2.01000,1.61000,1.27000,1.05000,0.93000,0.86000),(83.00000,'27\'40\"',11.40000,17.00000,27.90000,2.13000,2.24000,2.01000,1.61000,1.27000,1.05000,0.93000,0.86000),(84.00000,'28\'00\"',10.50000,17.00000,25.40000,2.10000,2.23000,2.00000,1.61000,1.27000,1.05000,0.93000,0.86000),(85.00000,'28\'20\"',10.00000,17.00000,25.40000,2.07000,2.21000,2.00000,1.61000,1.27000,1.05000,0.93000,0.86000),(86.00000,'28\'40\"',9.40000,17.00000,25.40000,2.04000,2.19000,1.99000,1.61000,1.27000,1.05000,0.93000,0.86000),(87.00000,'29\'00\"',8.60000,17.00000,23.20000,2.01000,2.16000,1.98000,1.61000,1.28000,1.06000,0.93000,0.86000),(88.00000,'29\'20\"',8.00000,17.00000,23.20000,1.97000,2.14000,1.97000,1.61000,1.28000,1.06000,0.93000,0.86000),(89.00000,'29\'40\"',7.20000,17.00000,23.20000,1.94000,2.12000,1.96000,1.61000,1.28000,1.06000,0.93000,0.86000),(90.00000,'30\'00\"',6.90000,17.00000,21.10000,1.90000,2.09000,1.95000,1.60000,1.28000,1.06000,0.93000,0.86000),(91.00000,'30\'20\"',6.40000,17.00000,21.10000,1.86000,2.07000,1.94000,1.60000,1.28000,1.06000,0.93000,0.86000),(92.00000,'30\'40\"',6.10000,17.00000,21.10000,1.83000,2.04000,1.93000,1.60000,1.28000,1.06000,0.93000,0.86000),(93.00000,'31\'00\"',6.30000,17.00000,19.20000,1.79000,2.02000,1.92000,1.60000,1.28000,1.06000,0.93000,0.86000),(94.00000,'31\'20\"',6.10000,17.00000,19.20000,1.76000,1.99000,1.91000,1.59000,1.28000,1.06000,0.93000,0.86000),(95.00000,'31\'40\"',6.40000,17.00000,19.20000,1.73000,1.97000,1.90000,1.59000,1.28000,1.06000,0.93000,0.86000),(96.00000,'32\'00\"',7.00000,17.00000,17.20000,1.70000,1.95000,1.89000,1.59000,1.28000,1.06000,0.93000,0.86000),(97.00000,'32\'20\"',6.90000,17.00000,17.20000,1.68000,1.93000,1.88000,1.59000,1.28000,1.06000,0.93000,0.86000),(98.00000,'32\'40\"',6.60000,17.00000,17.20000,1.65000,1.91000,1.87000,1.59000,1.28000,1.06000,0.93000,0.86000),(99.00000,'33\'00\"',6.60000,17.00000,15.20000,1.63000,1.89000,1.86000,1.58000,1.28000,1.06000,0.93000,0.86000),(100.00000,'33\'20\"',5.90000,17.00000,15.20000,1.61000,1.87000,1.85000,1.58000,1.28000,1.06000,0.93000,0.86000),(101.00000,'33\'40\"',6.10000,17.00000,15.20000,1.59000,1.85000,1.84000,1.58000,1.28000,1.06000,0.93000,0.86000),(102.00000,'34\'00\"',6.10000,17.00000,13.30000,1.57000,1.83000,1.83000,1.58000,1.28000,1.06000,0.93000,0.86000),(103.00000,'34\'20\"',6.30000,17.00000,13.30000,1.55000,1.81000,1.83000,1.57000,1.28000,1.06000,0.94000,0.86000),(104.00000,'34\'40\"',6.30000,17.00000,13.30000,1.53000,1.79000,1.82000,1.57000,1.28000,1.06000,0.94000,0.87000),(105.00000,'35\'00\"',6.30000,17.00000,11.30000,1.52000,1.78000,1.81000,1.57000,1.28000,1.07000,0.94000,0.87000),(106.00000,'35\'20\"',6.30000,17.00000,11.30000,1.50000,1.76000,1.80000,1.57000,1.28000,1.07000,0.94000,0.87000),(107.00000,'35\'40\"',6.30000,17.00000,11.30000,1.49000,1.75000,1.79000,1.56000,1.28000,1.07000,0.94000,0.87000),(108.00000,'36\'00\"',6.10000,17.00000,9.30000,1.47000,1.73000,1.78000,1.56000,1.28000,1.07000,0.94000,0.87000),(109.00000,'36\'20\"',6.10000,17.00000,9.30000,1.46000,1.72000,1.77000,1.56000,1.28000,1.07000,0.94000,0.87000),(110.00000,'36\'40\"',5.80000,17.00000,9.30000,1.45000,1.70000,1.77000,1.56000,1.28000,1.07000,0.94000,0.87000),(111.00000,'37\'00\"',5.80000,17.00000,7.40000,1.44000,1.69000,1.76000,1.55000,1.28000,1.07000,0.94000,0.87000),(112.00000,'37\'20\"',5.80000,17.00000,7.40000,1.42000,1.67000,1.75000,1.55000,1.28000,1.07000,0.94000,0.87000),(113.00000,'37\'40\"',5.30000,17.00000,7.40000,1.41000,1.66000,1.74000,1.55000,1.28000,1.07000,0.94000,0.87000),(114.00000,'38\'00\"',6.10000,17.00000,5.50000,1.40000,1.64000,1.73000,1.55000,1.28000,1.07000,0.94000,0.87000),(115.00000,'38\'20\"',5.90000,17.00000,5.50000,1.39000,1.63000,1.72000,1.54000,1.28000,1.07000,0.94000,0.87000),(116.00000,'38\'40\"',5.90000,17.00000,5.50000,1.38000,1.62000,1.72000,1.54000,1.28000,1.07000,0.94000,0.87000),(117.00000,'39\'00\"',7.00000,17.00000,3.60000,1.37000,1.61000,1.71000,1.54000,1.28000,1.07000,0.94000,0.87000),(118.00000,'39\'20\"',7.20000,17.00000,3.60000,1.37000,1.60000,1.70000,1.54000,1.28000,1.07000,0.94000,0.87000),(119.00000,'39\'40\"',5.50000,17.00000,3.60000,1.37000,1.59000,1.70000,1.54000,1.28000,1.07000,0.94000,0.87000),(120.00000,'40\'00\"',4.10000,17.00000,1.90000,1.36000,1.58000,1.69000,1.53000,1.28000,1.07000,0.94000,0.87000),(121.00000,'40\'20\"',3.00000,17.00000,1.90000,1.35000,1.56000,1.68000,1.53000,1.28000,1.07000,0.94000,0.87000),(122.00000,'40\'40\"',3.40000,17.00000,1.90000,1.32000,1.55000,1.67000,1.53000,1.28000,1.07000,0.94000,0.87000),(123.00000,'41\'00\"',3.30000,17.00000,0.30000,1.31000,1.53000,1.66000,1.52000,1.28000,1.07000,0.94000,0.87000),(124.00000,'41\'20\"',3.30000,17.00000,0.30000,1.29000,1.51000,1.65000,1.52000,1.27000,1.07000,0.94000,0.87000),(125.00000,'41\'40\"',3.30000,17.00000,0.30000,1.28000,1.50000,1.64000,1.51000,1.27000,1.07000,0.94000,0.87000);
/*!40000 ALTER TABLE `alladin1467` ENABLE KEYS */;
UNLOCK TABLES;

--
-- Table structure for table `alladin1468`
--

DROP TABLE IF EXISTS `alladin1468`;
CREATE TABLE `alladin1468` (
  `PointNo` double(15,5) NOT NULL,
  `Time` varchar(255) default NULL,
  `Depth` double(15,5) default NULL,
  `AirConsumption` double(15,5) default NULL,
  `TankAir` double(15,5) default NULL,
  `Tissue1` double(15,5) default NULL,
  `Tissue2` double(15,5) default NULL,
  `Tissue3` double(15,5) default NULL,
  `Tissue4` double(15,5) default NULL,
  `Tissue5` double(15,5) default NULL,
  `Tissue6` double(15,5) default NULL,
  `Tissue7` double(15,5) default NULL,
  `Tissue8` double(15,5) default NULL,
  PRIMARY KEY  (`PointNo`)
) ENGINE=InnoDB DEFAULT CHARSET=latin1;

--
-- Dumping data for table `alladin1468`
--

LOCK TABLES `alladin1468` WRITE;
/*!40000 ALTER TABLE `alladin1468` DISABLE KEYS */;
INSERT INTO `alladin1468` VALUES (1.00000,'00\'20\"',1.90000,0.00000,0.00000,0.79000,0.79000,0.79000,0.79000,0.79000,0.79000,0.79000,0.79000),(2.00000,'00\'40\"',2.30000,0.00000,0.00000,0.80000,0.79000,0.79000,0.79000,0.79000,0.79000,0.79000,0.79000),(3.00000,'01\'00\"',2.80000,16.80000,34.60000,0.81000,0.80000,0.80000,0.79000,0.79000,0.79000,0.79000,0.79000),(4.00000,'01\'20\"',3.00000,16.80000,34.60000,0.82000,0.81000,0.80000,0.79000,0.79000,0.79000,0.79000,0.79000),(5.00000,'01\'40\"',3.30000,16.80000,34.60000,0.84000,0.81000,0.80000,0.80000,0.79000,0.79000,0.79000,0.79000),(6.00000,'02\'00\"',3.30000,16.80000,33.00000,0.85000,0.82000,0.81000,0.80000,0.79000,0.79000,0.79000,0.79000),(7.00000,'02\'20\"',3.10000,16.80000,33.00000,0.86000,0.83000,0.81000,0.80000,0.80000,0.79000,0.79000,0.79000),(8.00000,'02\'40\"',3.10000,16.80000,33.00000,0.87000,0.84000,0.81000,0.80000,0.80000,0.79000,0.79000,0.79000),(9.00000,'03\'00\"',3.30000,16.80000,31.40000,0.88000,0.84000,0.82000,0.80000,0.80000,0.79000,0.79000,0.79000),(10.00000,'03\'20\"',3.00000,16.80000,31.40000,0.90000,0.85000,0.82000,0.81000,0.80000,0.79000,0.79000,0.79000),(11.00000,'03\'40\"',3.10000,16.80000,31.40000,0.90000,0.86000,0.83000,0.81000,0.80000,0.79000,0.79000,0.79000),(12.00000,'04\'00\"',3.00000,16.80000,29.90000,0.91000,0.86000,0.83000,0.81000,0.80000,0.80000,0.79000,0.79000),(13.00000,'04\'20\"',3.00000,16.80000,29.90000,0.92000,0.87000,0.83000,0.81000,0.80000,0.80000,0.79000,0.79000),(14.00000,'04\'40\"',3.10000,16.80000,29.90000,0.93000,0.87000,0.84000,0.81000,0.80000,0.80000,0.79000,0.79000),(15.00000,'05\'00\"',3.00000,16.80000,28.30000,0.93000,0.88000,0.84000,0.82000,0.80000,0.80000,0.79000,0.79000),(16.00000,'05\'20\"',3.10000,16.80000,28.30000,0.94000,0.88000,0.84000,0.82000,0.80000,0.80000,0.79000,0.79000),(17.00000,'05\'40\"',3.10000,16.80000,28.30000,0.95000,0.89000,0.84000,0.82000,0.81000,0.80000,0.79000,0.79000),(18.00000,'06\'00\"',3.10000,16.80000,26.80000,0.95000,0.89000,0.85000,0.82000,0.81000,0.80000,0.79000,0.79000),(19.00000,'06\'20\"',2.00000,16.80000,26.80000,0.96000,0.90000,0.85000,0.82000,0.81000,0.80000,0.79000,0.79000),(20.00000,'06\'40\"',0.00000,16.80000,26.80000,0.96000,0.90000,0.85000,0.82000,0.81000,0.80000,0.79000,0.79000),(21.00000,'07\'00\"',0.00000,0.00000,26.80000,0.95000,0.90000,0.85000,0.82000,0.81000,0.80000,0.79000,0.79000),(22.00000,'07\'20\"',3.80000,0.00000,26.80000,0.94000,0.89000,0.85000,0.82000,0.81000,0.80000,0.79000,0.79000),(23.00000,'07\'40\"',3.40000,0.00000,26.80000,0.95000,0.90000,0.85000,0.83000,0.81000,0.80000,0.79000,0.79000),(24.00000,'08\'00\"',3.60000,16.80000,25.20000,0.95000,0.90000,0.86000,0.83000,0.81000,0.80000,0.80000,0.79000),(25.00000,'08\'20\"',3.40000,16.80000,25.20000,0.96000,0.91000,0.86000,0.83000,0.81000,0.80000,0.80000,0.79000),(26.00000,'08\'40\"',3.90000,16.80000,25.20000,0.97000,0.91000,0.87000,0.83000,0.81000,0.80000,0.80000,0.79000),(27.00000,'09\'00\"',3.90000,16.80000,23.50000,0.98000,0.92000,0.87000,0.83000,0.81000,0.80000,0.80000,0.79000),(28.00000,'09\'20\"',3.90000,16.80000,23.50000,0.98000,0.93000,0.87000,0.84000,0.81000,0.80000,0.80000,0.79000),(29.00000,'09\'40\"',3.80000,16.80000,23.50000,0.99000,0.93000,0.88000,0.84000,0.82000,0.80000,0.80000,0.79000),(30.00000,'10\'00\"',3.90000,16.80000,21.90000,1.00000,0.94000,0.88000,0.84000,0.82000,0.80000,0.80000,0.79000),(31.00000,'10\'20\"',3.80000,16.80000,21.90000,1.00000,0.94000,0.88000,0.84000,0.82000,0.80000,0.80000,0.79000),(32.00000,'10\'40\"',3.40000,16.80000,21.90000,1.01000,0.95000,0.89000,0.84000,0.82000,0.80000,0.80000,0.79000),(33.00000,'11\'00\"',3.40000,16.80000,20.30000,1.01000,0.95000,0.89000,0.85000,0.82000,0.81000,0.80000,0.79000),(34.00000,'11\'20\"',2.20000,16.80000,20.30000,1.02000,0.95000,0.89000,0.85000,0.82000,0.81000,0.80000,0.79000),(35.00000,'11\'40\"',0.00000,16.80000,20.30000,1.01000,0.95000,0.89000,0.85000,0.82000,0.81000,0.80000,0.79000),(36.00000,'12\'00\"',0.00000,0.00000,20.30000,1.00000,0.95000,0.89000,0.85000,0.82000,0.81000,0.80000,0.79000),(37.00000,'12\'20\"',0.00000,0.00000,20.30000,0.98000,0.94000,0.89000,0.85000,0.82000,0.81000,0.80000,0.79000),(38.00000,'12\'40\"',0.00000,0.00000,20.30000,0.97000,0.94000,0.89000,0.85000,0.82000,0.81000,0.80000,0.79000),(39.00000,'13\'00\"',0.00000,0.00000,20.30000,0.96000,0.93000,0.89000,0.85000,0.82000,0.81000,0.80000,0.79000),(40.00000,'13\'20\"',0.00000,0.00000,20.30000,0.95000,0.93000,0.89000,0.85000,0.82000,0.81000,0.80000,0.79000),(41.00000,'13\'40\"',0.00000,0.00000,20.30000,0.94000,0.92000,0.88000,0.85000,0.82000,0.81000,0.80000,0.79000),(42.00000,'14\'00\"',0.00000,0.00000,20.30000,0.93000,0.92000,0.88000,0.85000,0.82000,0.81000,0.80000,0.79000),(43.00000,'14\'20\"',2.00000,0.00000,20.30000,0.92000,0.92000,0.88000,0.85000,0.82000,0.81000,0.80000,0.79000),(44.00000,'14\'40\"',3.40000,0.00000,20.30000,0.92000,0.92000,0.88000,0.85000,0.82000,0.81000,0.80000,0.79000),(45.00000,'15\'00\"',3.80000,16.80000,18.80000,0.93000,0.92000,0.88000,0.85000,0.82000,0.81000,0.80000,0.79000),(46.00000,'15\'20\"',4.10000,16.80000,18.80000,0.94000,0.93000,0.89000,0.85000,0.82000,0.81000,0.80000,0.79000),(47.00000,'15\'40\"',4.40000,16.80000,18.80000,0.95000,0.93000,0.89000,0.85000,0.82000,0.81000,0.80000,0.79000),(48.00000,'16\'00\"',4.80000,16.80000,17.20000,0.96000,0.94000,0.90000,0.85000,0.83000,0.81000,0.80000,0.79000),(49.00000,'16\'20\"',4.70000,16.80000,17.20000,0.98000,0.95000,0.90000,0.86000,0.83000,0.81000,0.80000,0.80000),(50.00000,'16\'40\"',4.70000,16.80000,17.20000,0.99000,0.95000,0.90000,0.86000,0.83000,0.81000,0.80000,0.80000),(51.00000,'17\'00\"',4.80000,16.80000,15.40000,1.00000,0.96000,0.91000,0.86000,0.83000,0.81000,0.80000,0.80000),(52.00000,'17\'20\"',4.80000,16.80000,15.40000,1.01000,0.97000,0.91000,0.86000,0.83000,0.81000,0.80000,0.80000),(53.00000,'17\'40\"',4.80000,16.80000,15.40000,1.02000,0.97000,0.92000,0.87000,0.83000,0.81000,0.80000,0.80000),(54.00000,'18\'00\"',4.70000,16.80000,13.60000,1.03000,0.98000,0.92000,0.87000,0.83000,0.81000,0.80000,0.80000),(55.00000,'18\'20\"',4.70000,16.80000,13.60000,1.04000,0.99000,0.93000,0.87000,0.84000,0.81000,0.80000,0.80000),(56.00000,'18\'40\"',4.40000,16.80000,13.60000,1.05000,0.99000,0.93000,0.87000,0.84000,0.81000,0.80000,0.80000),(57.00000,'19\'00\"',4.50000,16.80000,11.90000,1.05000,1.00000,0.93000,0.88000,0.84000,0.82000,0.80000,0.80000),(58.00000,'19\'20\"',4.50000,16.80000,11.90000,1.06000,1.00000,0.94000,0.88000,0.84000,0.82000,0.80000,0.80000),(59.00000,'19\'40\"',4.70000,16.80000,11.90000,1.07000,1.01000,0.94000,0.88000,0.84000,0.82000,0.80000,0.80000),(60.00000,'20\'00\"',4.70000,16.80000,10.20000,1.07000,1.01000,0.94000,0.88000,0.84000,0.82000,0.80000,0.80000),(61.00000,'20\'20\"',4.70000,16.80000,10.20000,1.08000,1.02000,0.95000,0.89000,0.84000,0.82000,0.80000,0.80000),(62.00000,'20\'40\"',4.50000,16.80000,10.20000,1.08000,1.02000,0.95000,0.89000,0.84000,0.82000,0.80000,0.80000),(63.00000,'21\'00\"',4.50000,16.80000,8.40000,1.09000,1.03000,0.95000,0.89000,0.85000,0.82000,0.81000,0.80000),(64.00000,'21\'20\"',4.20000,16.80000,8.40000,1.09000,1.03000,0.96000,0.89000,0.85000,0.82000,0.81000,0.80000),(65.00000,'21\'40\"',4.10000,16.80000,8.40000,1.09000,1.03000,0.96000,0.89000,0.85000,0.82000,0.81000,0.80000),(66.00000,'22\'00\"',0.20000,0.00000,8.40000,1.09000,1.04000,0.96000,0.90000,0.85000,0.82000,0.81000,0.80000),(67.00000,'22\'20\"',0.00000,0.00000,8.40000,1.08000,1.03000,0.96000,0.90000,0.85000,0.82000,0.81000,0.80000),(68.00000,'22\'40\"',0.00000,0.00000,8.40000,1.06000,1.02000,0.96000,0.89000,0.85000,0.82000,0.81000,0.80000),(69.00000,'23\'00\"',3.80000,16.80000,7.20000,1.04000,1.01000,0.95000,0.89000,0.85000,0.82000,0.81000,0.80000),(70.00000,'23\'20\"',3.60000,16.80000,7.20000,1.04000,1.02000,0.96000,0.89000,0.85000,0.82000,0.81000,0.80000),(71.00000,'23\'40\"',3.80000,16.80000,7.20000,1.04000,1.02000,0.96000,0.90000,0.85000,0.82000,0.81000,0.80000),(72.00000,'24\'00\"',3.40000,16.80000,5.60000,1.05000,1.02000,0.96000,0.90000,0.85000,0.82000,0.81000,0.80000),(73.00000,'24\'20\"',3.30000,16.80000,5.60000,1.05000,1.02000,0.96000,0.90000,0.85000,0.82000,0.81000,0.80000),(74.00000,'24\'40\"',3.10000,16.80000,5.60000,1.05000,1.02000,0.96000,0.90000,0.85000,0.82000,0.81000,0.80000),(75.00000,'25\'00\"',3.00000,16.80000,4.10000,1.05000,1.02000,0.96000,0.90000,0.85000,0.82000,0.81000,0.80000),(76.00000,'25\'20\"',2.80000,16.80000,4.10000,1.05000,1.02000,0.97000,0.90000,0.85000,0.82000,0.81000,0.80000),(77.00000,'25\'40\"',2.50000,16.80000,4.10000,1.04000,1.02000,0.97000,0.90000,0.86000,0.83000,0.81000,0.80000),(78.00000,'26\'00\"',2.50000,16.80000,2.60000,1.04000,1.02000,0.97000,0.90000,0.86000,0.83000,0.81000,0.80000),(79.00000,'26\'20\"',2.20000,16.80000,2.60000,1.04000,1.02000,0.97000,0.91000,0.86000,0.83000,0.81000,0.80000),(80.00000,'26\'40\"',1.70000,16.80000,2.60000,1.03000,1.02000,0.97000,0.91000,0.86000,0.83000,0.81000,0.80000),(81.00000,'27\'00\"',1.40000,16.80000,1.20000,1.03000,1.01000,0.97000,0.91000,0.86000,0.83000,0.81000,0.80000),(82.00000,'27\'20\"',1.30000,16.80000,1.20000,1.02000,1.01000,0.97000,0.91000,0.86000,0.83000,0.81000,0.80000),(83.00000,'27\'40\"',0.00000,16.80000,1.20000,1.01000,1.01000,0.96000,0.91000,0.86000,0.83000,0.81000,0.80000),(84.00000,'28\'00\"',0.80000,16.80000,0.00000,0.99000,1.00000,0.96000,0.90000,0.86000,0.83000,0.81000,0.80000),(85.00000,'28\'20\"',0.50000,16.80000,0.00000,0.99000,1.00000,0.96000,0.90000,0.86000,0.83000,0.81000,0.80000);
/*!40000 ALTER TABLE `alladin1468` ENABLE KEYS */;
UNLOCK TABLES;

--
-- Table structure for table `alladin1469`
--

DROP TABLE IF EXISTS `alladin1469`;
CREATE TABLE `alladin1469` (
  `PointNo` double(15,5) NOT NULL,
  `Time` varchar(255) default NULL,
  `Depth` double(15,5) default NULL,
  `AirConsumption` double(15,5) default NULL,
  `TankAir` double(15,5) default NULL,
  `Tissue1` double(15,5) default NULL,
  `Tissue2` double(15,5) default NULL,
  `Tissue3` double(15,5) default NULL,
  `Tissue4` double(15,5) default NULL,
  `Tissue5` double(15,5) default NULL,
  `Tissue6` double(15,5) default NULL,
  `Tissue7` double(15,5) default NULL,
  `Tissue8` double(15,5) default NULL,
  PRIMARY KEY  (`PointNo`)
) ENGINE=InnoDB DEFAULT CHARSET=latin1;

--
-- Dumping data for table `alladin1469`
--

LOCK TABLES `alladin1469` WRITE;
/*!40000 ALTER TABLE `alladin1469` DISABLE KEYS */;
INSERT INTO `alladin1469` VALUES (1.00000,'00\'20\"',6.90000,0.00000,0.00000,0.79000,0.79000,0.79000,0.79000,0.79000,0.79000,0.79000,0.79000),(2.00000,'00\'40\"',7.50000,0.00000,0.00000,0.83000,0.81000,0.80000,0.79000,0.79000,0.79000,0.79000,0.79000),(3.00000,'01\'00\"',8.40000,14.80000,178.20000,0.86000,0.83000,0.81000,0.80000,0.79000,0.79000,0.79000,0.79000),(4.00000,'01\'20\"',9.70000,14.80000,178.20000,0.90000,0.85000,0.82000,0.80000,0.80000,0.79000,0.79000,0.79000),(5.00000,'01\'40\"',10.50000,14.80000,178.20000,0.94000,0.87000,0.83000,0.81000,0.80000,0.80000,0.79000,0.79000),(6.00000,'02\'00\"',11.30000,14.80000,176.10000,0.99000,0.89000,0.84000,0.82000,0.80000,0.80000,0.79000,0.79000),(7.00000,'02\'20\"',11.40000,14.80000,176.10000,1.03000,0.92000,0.86000,0.82000,0.81000,0.80000,0.79000,0.79000),(8.00000,'02\'40\"',12.80000,14.80000,176.10000,1.07000,0.95000,0.87000,0.83000,0.81000,0.80000,0.80000,0.79000),(9.00000,'03\'00\"',15.30000,14.80000,173.90000,1.12000,0.97000,0.89000,0.84000,0.82000,0.80000,0.80000,0.79000),(10.00000,'03\'20\"',18.90000,14.80000,173.90000,1.18000,1.01000,0.91000,0.85000,0.82000,0.81000,0.80000,0.79000),(11.00000,'03\'40\"',22.20000,14.80000,173.90000,1.25000,1.05000,0.93000,0.86000,0.83000,0.81000,0.80000,0.79000),(12.00000,'04\'00\"',25.50000,14.80000,170.80000,1.33000,1.10000,0.96000,0.88000,0.83000,0.81000,0.80000,0.80000),(13.00000,'04\'20\"',28.40000,14.80000,170.80000,1.43000,1.15000,0.99000,0.89000,0.84000,0.82000,0.80000,0.80000),(14.00000,'04\'40\"',30.00000,14.80000,170.80000,1.53000,1.22000,1.02000,0.91000,0.85000,0.82000,0.81000,0.80000),(15.00000,'05\'00\"',32.70000,14.80000,166.70000,1.64000,1.28000,1.06000,0.93000,0.86000,0.83000,0.81000,0.80000),(16.00000,'05\'20\"',33.60000,14.80000,166.70000,1.75000,1.35000,1.09000,0.95000,0.87000,0.83000,0.81000,0.80000),(17.00000,'05\'40\"',34.70000,14.80000,166.70000,1.86000,1.42000,1.13000,0.97000,0.88000,0.84000,0.81000,0.80000),(18.00000,'06\'00\"',34.70000,14.80000,162.10000,1.96000,1.49000,1.17000,0.99000,0.89000,0.84000,0.82000,0.80000),(19.00000,'06\'20\"',35.30000,14.80000,162.10000,2.07000,1.55000,1.21000,1.01000,0.90000,0.85000,0.82000,0.80000),(20.00000,'06\'40\"',35.00000,14.80000,162.10000,2.16000,1.62000,1.25000,1.03000,0.91000,0.85000,0.82000,0.81000),(21.00000,'07\'00\"',34.50000,14.80000,157.40000,2.25000,1.68000,1.29000,1.05000,0.93000,0.86000,0.82000,0.81000),(22.00000,'07\'20\"',34.50000,14.80000,157.40000,2.33000,1.74000,1.32000,1.07000,0.94000,0.86000,0.83000,0.81000),(23.00000,'07\'40\"',34.70000,14.80000,157.40000,2.41000,1.80000,1.36000,1.09000,0.95000,0.87000,0.83000,0.81000),(24.00000,'08\'00\"',34.40000,14.80000,152.70000,2.48000,1.86000,1.40000,1.11000,0.96000,0.88000,0.83000,0.81000),(25.00000,'08\'20\"',34.40000,14.80000,152.70000,2.55000,1.91000,1.43000,1.13000,0.97000,0.88000,0.84000,0.81000),(26.00000,'08\'40\"',34.20000,14.80000,152.70000,2.61000,1.96000,1.47000,1.15000,0.98000,0.89000,0.84000,0.81000),(27.00000,'09\'00\"',33.30000,14.80000,148.10000,2.67000,2.01000,1.50000,1.17000,0.99000,0.89000,0.84000,0.82000),(28.00000,'09\'20\"',31.10000,14.80000,148.10000,2.72000,2.06000,1.53000,1.19000,1.00000,0.90000,0.84000,0.82000),(29.00000,'09\'40\"',30.90000,14.80000,148.10000,2.75000,2.10000,1.56000,1.21000,1.01000,0.90000,0.85000,0.82000),(30.00000,'10\'00\"',30.90000,14.80000,143.80000,2.78000,2.14000,1.59000,1.23000,1.02000,0.91000,0.85000,0.82000),(31.00000,'10\'20\"',30.90000,14.80000,143.80000,2.81000,2.17000,1.61000,1.24000,1.03000,0.91000,0.85000,0.82000),(32.00000,'10\'40\"',30.90000,14.80000,143.80000,2.84000,2.21000,1.64000,1.26000,1.04000,0.92000,0.85000,0.82000),(33.00000,'11\'00\"',30.90000,14.80000,139.40000,2.86000,2.24000,1.67000,1.28000,1.05000,0.92000,0.86000,0.82000),(34.00000,'11\'20\"',31.10000,14.80000,139.40000,2.89000,2.27000,1.69000,1.29000,1.05000,0.93000,0.86000,0.82000),(35.00000,'11\'40\"',30.90000,14.80000,139.40000,2.91000,2.31000,1.72000,1.31000,1.06000,0.93000,0.86000,0.83000),(36.00000,'12\'00\"',31.40000,14.80000,135.10000,2.93000,2.34000,1.74000,1.32000,1.07000,0.94000,0.86000,0.83000),(37.00000,'12\'20\"',31.30000,14.80000,135.10000,2.95000,2.37000,1.77000,1.34000,1.08000,0.94000,0.87000,0.83000),(38.00000,'12\'40\"',30.90000,14.80000,135.10000,2.97000,2.40000,1.79000,1.36000,1.09000,0.95000,0.87000,0.83000),(39.00000,'13\'00\"',29.40000,14.80000,130.90000,2.99000,2.42000,1.82000,1.37000,1.10000,0.95000,0.87000,0.83000),(40.00000,'13\'20\"',30.50000,14.80000,130.90000,3.00000,2.45000,1.84000,1.39000,1.11000,0.95000,0.87000,0.83000),(41.00000,'13\'40\"',32.70000,14.80000,130.90000,3.01000,2.47000,1.86000,1.40000,1.12000,0.96000,0.88000,0.83000),(42.00000,'14\'00\"',33.00000,14.80000,126.70000,3.03000,2.50000,1.89000,1.42000,1.13000,0.96000,0.88000,0.83000),(43.00000,'14\'20\"',34.40000,14.80000,126.70000,3.06000,2.53000,1.91000,1.43000,1.14000,0.97000,0.88000,0.84000),(44.00000,'14\'40\"',35.30000,14.80000,126.70000,3.09000,2.56000,1.94000,1.45000,1.15000,0.97000,0.88000,0.84000),(45.00000,'15\'00\"',36.10000,14.80000,122.00000,3.12000,2.59000,1.97000,1.47000,1.16000,0.98000,0.89000,0.84000),(46.00000,'15\'20\"',38.00000,14.80000,122.00000,3.15000,2.63000,1.99000,1.49000,1.17000,0.99000,0.89000,0.84000),(47.00000,'15\'40\"',38.90000,14.80000,122.00000,3.19000,2.67000,2.02000,1.51000,1.18000,0.99000,0.89000,0.84000),(48.00000,'16\'00\"',40.30000,14.80000,116.90000,3.24000,2.71000,2.05000,1.53000,1.19000,1.00000,0.90000,0.84000),(49.00000,'16\'20\"',40.50000,14.80000,116.90000,3.28000,2.75000,2.08000,1.55000,1.20000,1.00000,0.90000,0.85000),(50.00000,'16\'40\"',40.60000,14.80000,116.90000,3.33000,2.79000,2.12000,1.57000,1.21000,1.01000,0.90000,0.85000),(51.00000,'17\'00\"',40.20000,14.80000,111.60000,3.37000,2.83000,2.15000,1.59000,1.22000,1.02000,0.91000,0.85000),(52.00000,'17\'20\"',39.50000,14.80000,111.60000,3.41000,2.87000,2.18000,1.61000,1.23000,1.02000,0.91000,0.85000),(53.00000,'17\'40\"',40.00000,14.80000,111.60000,3.44000,2.90000,2.21000,1.63000,1.25000,1.03000,0.91000,0.85000),(54.00000,'18\'00\"',40.80000,14.80000,106.30000,3.48000,2.93000,2.23000,1.64000,1.26000,1.03000,0.92000,0.85000),(55.00000,'18\'20\"',41.30000,14.80000,106.30000,3.51000,2.97000,2.26000,1.66000,1.27000,1.04000,0.92000,0.85000),(56.00000,'18\'40\"',40.80000,14.80000,106.30000,3.54000,3.00000,2.29000,1.68000,1.28000,1.05000,0.92000,0.86000),(57.00000,'19\'00\"',40.00000,14.80000,101.00000,3.57000,3.04000,2.32000,1.70000,1.29000,1.05000,0.92000,0.86000),(58.00000,'19\'20\"',39.70000,14.80000,101.00000,3.60000,3.07000,2.35000,1.72000,1.30000,1.06000,0.93000,0.86000),(59.00000,'19\'40\"',38.40000,14.80000,101.00000,3.62000,3.10000,2.37000,1.74000,1.31000,1.06000,0.93000,0.86000),(60.00000,'20\'00\"',36.70000,14.80000,96.10000,3.63000,3.12000,2.40000,1.76000,1.32000,1.07000,0.93000,0.86000),(61.00000,'20\'20\"',35.30000,14.80000,96.10000,3.64000,3.14000,2.42000,1.77000,1.33000,1.08000,0.94000,0.86000),(62.00000,'20\'40\"',34.70000,14.80000,96.10000,3.63000,3.15000,2.44000,1.79000,1.34000,1.08000,0.94000,0.87000),(63.00000,'21\'00\"',34.20000,14.80000,91.40000,3.63000,3.17000,2.46000,1.80000,1.35000,1.09000,0.94000,0.87000),(64.00000,'21\'20\"',33.00000,14.80000,91.40000,3.62000,3.18000,2.47000,1.82000,1.36000,1.09000,0.94000,0.87000),(65.00000,'21\'40\"',33.10000,14.80000,91.40000,3.60000,3.18000,2.49000,1.83000,1.37000,1.10000,0.95000,0.87000),(66.00000,'22\'00\"',33.30000,14.80000,86.80000,3.59000,3.19000,2.51000,1.84000,1.38000,1.10000,0.95000,0.87000),(67.00000,'22\'20\"',33.30000,14.80000,86.80000,3.58000,3.20000,2.52000,1.86000,1.39000,1.11000,0.95000,0.87000),(68.00000,'22\'40\"',32.80000,14.80000,86.80000,3.57000,3.21000,2.53000,1.87000,1.39000,1.11000,0.96000,0.87000),(69.00000,'23\'00\"',32.20000,14.80000,82.40000,3.56000,3.21000,2.55000,1.88000,1.40000,1.12000,0.96000,0.88000),(70.00000,'23\'20\"',33.00000,14.80000,82.40000,3.54000,3.22000,2.56000,1.89000,1.41000,1.12000,0.96000,0.88000),(71.00000,'23\'40\"',33.80000,14.80000,82.40000,3.53000,3.22000,2.58000,1.91000,1.42000,1.12000,0.96000,0.88000),(72.00000,'24\'00\"',33.80000,14.80000,77.80000,3.53000,3.23000,2.59000,1.92000,1.43000,1.13000,0.97000,0.88000),(73.00000,'24\'20\"',33.90000,14.80000,77.80000,3.52000,3.24000,2.60000,1.93000,1.44000,1.13000,0.97000,0.88000),(74.00000,'24\'40\"',33.80000,14.80000,77.80000,3.52000,3.24000,2.62000,1.94000,1.44000,1.14000,0.97000,0.88000),(75.00000,'25\'00\"',33.80000,14.80000,73.20000,3.52000,3.25000,2.63000,1.96000,1.45000,1.14000,0.97000,0.88000),(76.00000,'25\'20\"',34.40000,14.80000,73.20000,3.51000,3.26000,2.65000,1.97000,1.46000,1.15000,0.98000,0.88000),(77.00000,'25\'40\"',33.10000,14.80000,73.20000,3.51000,3.27000,2.66000,1.98000,1.47000,1.15000,0.98000,0.89000),(78.00000,'26\'00\"',33.00000,14.80000,68.60000,3.51000,3.27000,2.67000,1.99000,1.48000,1.16000,0.98000,0.89000),(79.00000,'26\'20\"',30.90000,14.80000,68.60000,3.50000,3.27000,2.68000,2.01000,1.49000,1.16000,0.98000,0.89000),(80.00000,'26\'40\"',29.40000,14.80000,68.60000,3.48000,3.27000,2.69000,2.02000,1.49000,1.17000,0.99000,0.89000),(81.00000,'27\'00\"',28.30000,14.80000,64.60000,3.46000,3.27000,2.70000,2.03000,1.50000,1.17000,0.99000,0.89000),(82.00000,'27\'20\"',27.70000,14.80000,64.60000,3.43000,3.26000,2.71000,2.03000,1.51000,1.18000,0.99000,0.89000),(83.00000,'27\'40\"',26.60000,14.80000,64.60000,3.40000,3.25000,2.71000,2.04000,1.51000,1.18000,0.99000,0.89000),(84.00000,'28\'00\"',24.20000,14.80000,61.00000,3.37000,3.24000,2.71000,2.05000,1.52000,1.18000,0.99000,0.89000),(85.00000,'28\'20\"',23.90000,14.80000,61.00000,3.32000,3.22000,2.71000,2.05000,1.52000,1.19000,1.00000,0.90000),(86.00000,'28\'40\"',22.50000,14.80000,61.00000,3.28000,3.20000,2.71000,2.06000,1.53000,1.19000,1.00000,0.90000),(87.00000,'29\'00\"',22.80000,14.80000,57.50000,3.24000,3.18000,2.71000,2.06000,1.53000,1.19000,1.00000,0.90000),(88.00000,'29\'20\"',20.60000,14.80000,57.50000,3.19000,3.16000,2.71000,2.07000,1.54000,1.19000,1.00000,0.90000),(89.00000,'29\'40\"',19.70000,14.80000,57.50000,3.14000,3.14000,2.70000,2.07000,1.54000,1.20000,1.00000,0.90000),(90.00000,'30\'00\"',19.40000,14.80000,54.40000,3.09000,3.11000,2.70000,2.07000,1.54000,1.20000,1.00000,0.90000),(91.00000,'30\'20\"',17.30000,14.80000,54.40000,3.04000,3.09000,2.69000,2.07000,1.55000,1.20000,1.01000,0.90000),(92.00000,'30\'40\"',17.50000,14.80000,54.40000,2.99000,3.06000,2.68000,2.08000,1.55000,1.20000,1.01000,0.90000),(93.00000,'31\'00\"',18.30000,14.80000,51.50000,2.93000,3.03000,2.67000,2.08000,1.55000,1.21000,1.01000,0.90000),(94.00000,'31\'20\"',18.30000,14.80000,51.50000,2.89000,3.00000,2.67000,2.08000,1.55000,1.21000,1.01000,0.90000),(95.00000,'31\'40\"',15.60000,14.80000,51.50000,2.85000,2.98000,2.66000,2.08000,1.56000,1.21000,1.01000,0.90000),(96.00000,'32\'00\"',14.80000,14.80000,48.90000,2.79000,2.94000,2.65000,2.08000,1.56000,1.21000,1.01000,0.90000),(97.00000,'32\'20\"',14.10000,14.80000,48.90000,2.74000,2.91000,2.64000,2.08000,1.56000,1.21000,1.01000,0.90000),(98.00000,'32\'40\"',13.60000,14.80000,48.90000,2.69000,2.88000,2.63000,2.08000,1.56000,1.22000,1.01000,0.90000),(99.00000,'33\'00\"',13.40000,14.80000,46.40000,2.63000,2.85000,2.61000,2.07000,1.56000,1.22000,1.01000,0.90000),(100.00000,'33\'20\"',13.10000,14.80000,46.40000,2.58000,2.81000,2.60000,2.07000,1.56000,1.22000,1.01000,0.91000),(101.00000,'33\'40\"',13.10000,14.80000,46.40000,2.53000,2.78000,2.59000,2.07000,1.57000,1.22000,1.02000,0.91000),(102.00000,'34\'00\"',13.10000,14.80000,43.90000,2.49000,2.75000,2.58000,2.07000,1.57000,1.22000,1.02000,0.91000),(103.00000,'34\'20\"',13.10000,14.80000,43.90000,2.45000,2.72000,2.56000,2.07000,1.57000,1.22000,1.02000,0.91000),(104.00000,'34\'40\"',12.50000,14.80000,43.90000,2.41000,2.69000,2.55000,2.06000,1.57000,1.22000,1.02000,0.91000),(105.00000,'35\'00\"',12.70000,14.80000,41.60000,2.37000,2.66000,2.54000,2.06000,1.57000,1.22000,1.02000,0.91000),(106.00000,'35\'20\"',12.50000,14.80000,41.60000,2.33000,2.63000,2.53000,2.06000,1.57000,1.23000,1.02000,0.91000),(107.00000,'35\'40\"',12.30000,14.80000,41.60000,2.29000,2.60000,2.51000,2.06000,1.57000,1.23000,1.02000,0.91000),(108.00000,'36\'00\"',12.30000,14.80000,39.20000,2.26000,2.58000,2.50000,2.05000,1.57000,1.23000,1.02000,0.91000),(109.00000,'36\'20\"',12.30000,14.80000,39.20000,2.23000,2.55000,2.49000,2.05000,1.57000,1.23000,1.02000,0.91000),(110.00000,'36\'40\"',11.30000,14.80000,39.20000,2.20000,2.52000,2.48000,2.05000,1.57000,1.23000,1.02000,0.91000),(111.00000,'37\'00\"',10.20000,14.80000,37.10000,2.16000,2.50000,2.46000,2.05000,1.57000,1.23000,1.02000,0.91000),(112.00000,'37\'20\"',9.10000,14.80000,37.10000,2.13000,2.47000,2.45000,2.04000,1.57000,1.23000,1.02000,0.91000),(113.00000,'37\'40\"',7.50000,14.80000,37.10000,2.09000,2.44000,2.43000,2.04000,1.57000,1.23000,1.02000,0.91000),(114.00000,'38\'00\"',5.80000,14.80000,35.40000,2.04000,2.40000,2.42000,2.03000,1.57000,1.23000,1.03000,0.91000),(115.00000,'38\'20\"',5.80000,14.80000,35.40000,1.99000,2.36000,2.40000,2.03000,1.57000,1.23000,1.03000,0.91000),(116.00000,'38\'40\"',6.40000,14.80000,35.40000,1.94000,2.33000,2.38000,2.02000,1.57000,1.23000,1.03000,0.91000),(117.00000,'39\'00\"',5.50000,14.80000,33.80000,1.90000,2.29000,2.36000,2.01000,1.57000,1.23000,1.03000,0.91000),(118.00000,'39\'20\"',5.60000,14.80000,33.80000,1.86000,2.26000,2.34000,2.01000,1.57000,1.23000,1.03000,0.91000),(119.00000,'39\'40\"',5.60000,14.80000,33.80000,1.82000,2.22000,2.32000,2.00000,1.57000,1.23000,1.03000,0.91000),(120.00000,'40\'00\"',5.30000,14.80000,32.10000,1.78000,2.19000,2.30000,1.99000,1.57000,1.23000,1.03000,0.91000),(121.00000,'40\'20\"',5.60000,14.80000,32.10000,1.74000,2.16000,2.29000,1.99000,1.56000,1.23000,1.03000,0.91000),(122.00000,'40\'40\"',5.80000,14.80000,32.10000,1.71000,2.13000,2.27000,1.98000,1.56000,1.23000,1.03000,0.91000),(123.00000,'41\'00\"',5.80000,14.80000,30.50000,1.68000,2.10000,2.25000,1.98000,1.56000,1.23000,1.03000,0.91000),(124.00000,'41\'20\"',5.80000,14.80000,30.50000,1.65000,2.07000,2.24000,1.97000,1.56000,1.23000,1.03000,0.91000),(125.00000,'41\'40\"',5.60000,14.80000,30.50000,1.63000,2.05000,2.22000,1.96000,1.56000,1.23000,1.03000,0.91000),(126.00000,'42\'00\"',6.10000,14.80000,28.80000,1.60000,2.02000,2.20000,1.96000,1.56000,1.23000,1.03000,0.91000),(127.00000,'42\'20\"',5.90000,14.80000,28.80000,1.58000,1.99000,2.19000,1.95000,1.56000,1.23000,1.03000,0.91000),(128.00000,'42\'40\"',5.60000,14.80000,28.80000,1.56000,1.97000,2.17000,1.95000,1.56000,1.23000,1.03000,0.91000),(129.00000,'43\'00\"',6.30000,14.80000,27.20000,1.54000,1.95000,2.16000,1.94000,1.55000,1.23000,1.03000,0.91000),(130.00000,'43\'20\"',6.40000,14.80000,27.20000,1.52000,1.92000,2.14000,1.94000,1.55000,1.23000,1.03000,0.91000),(131.00000,'43\'40\"',6.30000,14.80000,27.20000,1.51000,1.90000,2.13000,1.93000,1.55000,1.23000,1.03000,0.91000),(132.00000,'44\'00\"',5.20000,14.80000,25.60000,1.49000,1.88000,2.11000,1.92000,1.55000,1.23000,1.03000,0.91000),(133.00000,'44\'20\"',4.40000,14.80000,25.60000,1.47000,1.86000,2.10000,1.92000,1.55000,1.23000,1.03000,0.91000),(134.00000,'44\'40\"',4.40000,14.80000,25.60000,1.45000,1.84000,2.08000,1.91000,1.55000,1.23000,1.03000,0.91000),(135.00000,'45\'00\"',3.90000,14.80000,24.10000,1.43000,1.81000,2.07000,1.91000,1.55000,1.23000,1.03000,0.91000),(136.00000,'45\'20\"',4.80000,14.80000,24.10000,1.41000,1.79000,2.05000,1.90000,1.54000,1.23000,1.03000,0.91000),(137.00000,'45\'40\"',4.80000,14.80000,24.10000,1.39000,1.77000,2.04000,1.89000,1.54000,1.23000,1.03000,0.92000),(138.00000,'46\'00\"',4.80000,14.80000,22.50000,1.38000,1.75000,2.02000,1.89000,1.54000,1.23000,1.03000,0.92000),(139.00000,'46\'20\"',4.80000,14.80000,22.50000,1.37000,1.73000,2.01000,1.88000,1.54000,1.23000,1.03000,0.92000),(140.00000,'46\'40\"',5.00000,14.80000,22.50000,1.35000,1.71000,2.00000,1.88000,1.54000,1.23000,1.03000,0.92000),(141.00000,'47\'00\"',6.10000,14.80000,20.90000,1.34000,1.70000,1.98000,1.87000,1.54000,1.23000,1.03000,0.92000),(142.00000,'47\'20\"',6.40000,14.80000,20.90000,1.34000,1.68000,1.97000,1.86000,1.54000,1.23000,1.03000,0.92000),(143.00000,'47\'40\"',6.70000,14.80000,20.90000,1.34000,1.67000,1.96000,1.86000,1.53000,1.23000,1.03000,0.92000),(144.00000,'48\'00\"',6.90000,14.80000,19.20000,1.33000,1.66000,1.95000,1.86000,1.53000,1.23000,1.03000,0.92000),(145.00000,'48\'20\"',6.10000,14.80000,19.20000,1.33000,1.65000,1.94000,1.85000,1.53000,1.23000,1.03000,0.92000),(146.00000,'48\'40\"',4.80000,14.80000,19.20000,1.33000,1.64000,1.93000,1.85000,1.53000,1.23000,1.03000,0.92000),(147.00000,'49\'00\"',4.70000,14.80000,17.70000,1.32000,1.62000,1.91000,1.84000,1.53000,1.23000,1.03000,0.92000),(148.00000,'49\'20\"',4.50000,14.80000,17.70000,1.31000,1.60000,1.90000,1.83000,1.53000,1.23000,1.03000,0.92000),(149.00000,'49\'40\"',4.40000,14.80000,17.70000,1.30000,1.59000,1.89000,1.83000,1.53000,1.23000,1.03000,0.92000),(150.00000,'50\'00\"',6.10000,14.80000,16.10000,1.29000,1.57000,1.88000,1.82000,1.53000,1.23000,1.03000,0.92000),(151.00000,'50\'20\"',6.60000,14.80000,16.10000,1.29000,1.56000,1.87000,1.82000,1.52000,1.23000,1.03000,0.92000),(152.00000,'50\'40\"',6.30000,14.80000,16.10000,1.29000,1.56000,1.86000,1.81000,1.52000,1.23000,1.03000,0.92000),(153.00000,'51\'00\"',6.70000,14.80000,14.40000,1.29000,1.55000,1.85000,1.81000,1.52000,1.23000,1.03000,0.92000),(154.00000,'51\'20\"',7.30000,14.80000,14.40000,1.29000,1.54000,1.84000,1.81000,1.52000,1.23000,1.03000,0.92000),(155.00000,'51\'40\"',7.30000,14.80000,14.40000,1.30000,1.53000,1.83000,1.80000,1.52000,1.23000,1.03000,0.92000),(156.00000,'52\'00\"',6.10000,14.80000,12.70000,1.30000,1.53000,1.82000,1.80000,1.52000,1.23000,1.03000,0.92000),(157.00000,'52\'20\"',5.50000,14.80000,12.70000,1.30000,1.52000,1.82000,1.79000,1.52000,1.23000,1.03000,0.92000),(158.00000,'52\'40\"',5.00000,14.80000,12.70000,1.29000,1.51000,1.81000,1.79000,1.52000,1.23000,1.03000,0.92000),(159.00000,'53\'00\"',4.70000,14.80000,11.20000,1.29000,1.50000,1.80000,1.78000,1.52000,1.23000,1.03000,0.92000),(160.00000,'53\'20\"',4.70000,14.80000,11.20000,1.28000,1.49000,1.78000,1.78000,1.51000,1.23000,1.03000,0.92000),(161.00000,'53\'40\"',4.80000,14.80000,11.20000,1.27000,1.48000,1.77000,1.77000,1.51000,1.23000,1.04000,0.92000),(162.00000,'54\'00\"',5.00000,14.80000,9.60000,1.26000,1.47000,1.76000,1.77000,1.51000,1.23000,1.04000,0.92000),(163.00000,'54\'20\"',5.20000,14.80000,9.60000,1.26000,1.46000,1.75000,1.76000,1.51000,1.23000,1.04000,0.92000),(164.00000,'54\'40\"',5.60000,14.80000,9.60000,1.26000,1.45000,1.75000,1.76000,1.51000,1.23000,1.04000,0.92000),(165.00000,'55\'00\"',5.20000,14.80000,8.00000,1.25000,1.44000,1.74000,1.76000,1.51000,1.23000,1.04000,0.92000),(166.00000,'55\'20\"',5.30000,14.80000,8.00000,1.25000,1.44000,1.73000,1.75000,1.51000,1.23000,1.04000,0.92000),(167.00000,'55\'40\"',6.10000,14.80000,8.00000,1.25000,1.43000,1.72000,1.75000,1.51000,1.23000,1.04000,0.92000),(168.00000,'56\'00\"',7.30000,14.80000,6.40000,1.25000,1.42000,1.71000,1.74000,1.50000,1.23000,1.04000,0.92000),(169.00000,'56\'20\"',7.30000,14.80000,6.40000,1.26000,1.42000,1.71000,1.74000,1.50000,1.23000,1.04000,0.92000),(170.00000,'56\'40\"',6.10000,14.80000,6.40000,1.26000,1.42000,1.70000,1.74000,1.50000,1.23000,1.04000,0.92000),(171.00000,'57\'00\"',5.90000,14.80000,4.70000,1.26000,1.41000,1.69000,1.73000,1.50000,1.23000,1.04000,0.92000),(172.00000,'57\'20\"',6.90000,14.80000,4.70000,1.26000,1.41000,1.69000,1.73000,1.50000,1.23000,1.04000,0.92000),(173.00000,'57\'40\"',6.40000,14.80000,4.70000,1.27000,1.41000,1.68000,1.73000,1.50000,1.23000,1.04000,0.92000),(174.00000,'58\'00\"',5.90000,14.80000,3.00000,1.27000,1.40000,1.67000,1.72000,1.50000,1.23000,1.04000,0.92000),(175.00000,'58\'20\"',5.50000,14.80000,3.00000,1.27000,1.40000,1.67000,1.72000,1.50000,1.23000,1.04000,0.92000),(176.00000,'58\'40\"',5.90000,14.80000,3.00000,1.27000,1.39000,1.66000,1.71000,1.50000,1.23000,1.04000,0.92000),(177.00000,'59\'00\"',5.30000,14.80000,1.40000,1.27000,1.39000,1.65000,1.71000,1.50000,1.23000,1.04000,0.92000),(178.00000,'59\'20\"',4.80000,14.80000,1.40000,1.26000,1.38000,1.65000,1.71000,1.50000,1.23000,1.04000,0.92000),(179.00000,'59\'40\"',3.60000,14.80000,1.40000,1.26000,1.38000,1.64000,1.70000,1.49000,1.23000,1.04000,0.92000),(180.00000,'60\'00\"',3.00000,14.80000,0.00000,1.25000,1.37000,1.63000,1.70000,1.49000,1.23000,1.04000,0.92000),(181.00000,'60\'20\"',2.50000,14.80000,0.00000,1.23000,1.35000,1.62000,1.69000,1.49000,1.23000,1.04000,0.92000),(182.00000,'60\'40\"',2.00000,14.80000,0.00000,1.22000,1.34000,1.61000,1.68000,1.49000,1.23000,1.04000,0.92000),(183.00000,'61\'00\"',0.80000,0.00000,0.00000,1.20000,1.33000,1.60000,1.68000,1.49000,1.23000,1.04000,0.92000),(184.00000,'61\'20\"',0.00000,0.00000,0.00000,1.18000,1.31000,1.59000,1.67000,1.48000,1.23000,1.04000,0.92000),(185.00000,'61\'40\"',0.00000,0.00000,0.00000,1.15000,1.30000,1.57000,1.66000,1.48000,1.23000,1.04000,0.92000),(186.00000,'62\'00\"',0.00000,0.00000,0.00000,1.13000,1.28000,1.56000,1.66000,1.48000,1.23000,1.04000,0.92000),(187.00000,'62\'20\"',0.00000,0.00000,0.00000,1.11000,1.26000,1.55000,1.65000,1.48000,1.23000,1.04000,0.92000),(188.00000,'62\'40\"',0.00000,0.00000,0.00000,1.09000,1.25000,1.53000,1.64000,1.47000,1.23000,1.04000,0.92000),(189.00000,'63\'00\"',0.00000,0.00000,0.00000,1.07000,1.23000,1.52000,1.64000,1.47000,1.23000,1.04000,0.92000),(190.00000,'63\'20\"',0.00000,0.00000,0.00000,1.05000,1.22000,1.51000,1.63000,1.47000,1.22000,1.04000,0.92000),(191.00000,'63\'40\"',0.00000,0.00000,0.00000,1.03000,1.20000,1.50000,1.62000,1.46000,1.22000,1.04000,0.92000),(192.00000,'64\'00\"',0.00000,0.00000,0.00000,1.02000,1.19000,1.49000,1.61000,1.46000,1.22000,1.04000,0.92000);
/*!40000 ALTER TABLE `alladin1469` ENABLE KEYS */;
UNLOCK TABLES;

--
-- Table structure for table `alladin1470`
--

DROP TABLE IF EXISTS `alladin1470`;
CREATE TABLE `alladin1470` (
  `PointNo` double(15,5) NOT NULL,
  `Time` varchar(255) default NULL,
  `Depth` double(15,5) default NULL,
  `AirConsumption` double(15,5) default NULL,
  `TankAir` double(15,5) default NULL,
  `Tissue1` double(15,5) default NULL,
  `Tissue2` double(15,5) default NULL,
  `Tissue3` double(15,5) default NULL,
  `Tissue4` double(15,5) default NULL,
  `Tissue5` double(15,5) default NULL,
  `Tissue6` double(15,5) default NULL,
  `Tissue7` double(15,5) default NULL,
  `Tissue8` double(15,5) default NULL,
  PRIMARY KEY  (`PointNo`)
) ENGINE=InnoDB DEFAULT CHARSET=latin1;

--
-- Dumping data for table `alladin1470`
--

LOCK TABLES `alladin1470` WRITE;
/*!40000 ALTER TABLE `alladin1470` DISABLE KEYS */;
INSERT INTO `alladin1470` VALUES (1.00000,'00\'20\"',4.20000,0.00000,0.00000,0.64000,0.64000,0.64000,0.64000,0.64000,0.64000,0.64000,0.64000),(2.00000,'00\'40\"',9.20000,0.00000,0.00000,0.67000,0.65000,0.65000,0.65000,0.65000,0.64000,0.64000,0.64000),(3.00000,'01\'00\"',14.80000,33.40000,19.00000,0.71000,0.68000,0.66000,0.65000,0.65000,0.65000,0.64000,0.64000),(4.00000,'01\'20\"',15.00000,33.40000,19.00000,0.78000,0.72000,0.68000,0.66000,0.65000,0.65000,0.65000,0.65000),(5.00000,'01\'40\"',17.00000,33.40000,19.00000,0.85000,0.75000,0.70000,0.67000,0.66000,0.65000,0.65000,0.65000),(6.00000,'02\'00\"',18.00000,33.40000,13.50000,0.92000,0.79000,0.72000,0.68000,0.66000,0.65000,0.65000,0.65000),(7.00000,'02\'20\"',19.70000,33.40000,13.50000,1.00000,0.83000,0.74000,0.69000,0.67000,0.66000,0.65000,0.65000),(8.00000,'02\'40\"',20.00000,33.40000,13.50000,1.07000,0.88000,0.77000,0.71000,0.68000,0.66000,0.65000,0.65000),(9.00000,'03\'00\"',20.80000,33.40000,6.90000,1.15000,0.92000,0.79000,0.72000,0.68000,0.66000,0.65000,0.65000),(10.00000,'03\'20\"',21.30000,33.40000,6.90000,1.22000,0.97000,0.82000,0.73000,0.69000,0.67000,0.66000,0.65000),(11.00000,'03\'40\"',21.60000,33.40000,6.90000,1.29000,1.01000,0.84000,0.75000,0.70000,0.67000,0.66000,0.65000),(12.00000,'04\'00\"',20.60000,33.40000,0.00000,1.36000,1.06000,0.87000,0.76000,0.70000,0.67000,0.66000,0.65000),(13.00000,'04\'20\"',16.90000,33.40000,0.00000,1.42000,1.10000,0.89000,0.77000,0.71000,0.68000,0.66000,0.65000),(14.00000,'04\'40\"',12.80000,33.40000,0.00000,1.46000,1.12000,0.91000,0.78000,0.71000,0.68000,0.66000,0.65000);
/*!40000 ALTER TABLE `alladin1470` ENABLE KEYS */;
UNLOCK TABLES;

--
-- Table structure for table `alladinlogs`
--

DROP TABLE IF EXISTS `alladinlogs`;
CREATE TABLE `alladinlogs` (
  `DiveNo` double(15,5) NOT NULL,
  `Date` datetime default NULL,
  `Time` varchar(50) default NULL,
  `Depth` double(15,5) default NULL,
  `Duration` varchar(50) default NULL,
  `Location` varchar(255) default NULL,
  `AirConsumption` double(15,5) default NULL,
  `WaterTemperature` double(15,5) default NULL,
  `TankSize` double(15,5) default NULL,
  `longitude` varchar(50) default NULL,
  `latitude` varchar(50) default NULL,
  PRIMARY KEY  (`DiveNo`)
) ENGINE=InnoDB DEFAULT CHARSET=latin1;

--
-- Dumping data for table `alladinlogs`
--

LOCK TABLES `alladinlogs` WRITE;
/*!40000 ALTER TABLE `alladinlogs` DISABLE KEYS */;
INSERT INTO `alladinlogs` VALUES (1460.00000,'1993-10-04 00:00:00','09:33:00',42.00000,'00:37:00','Red Sea',104.00000,20.00000,14.00000,'34E','1S'),(1461.00000,'1993-10-04 00:00:00','15:20:00',32.00000,'00:07:00','Kenya',24.00000,20.00000,14.00000,'41E','21S'),(1462.00000,'1993-10-04 00:00:00','15:37:00',48.00000,'00:47:00','Tanzania',131.00000,19.00000,14.00000,'38E','26S'),(1463.00000,'1993-10-05 00:00:00','09:41:00',13.00000,'00:27:00','Bahamas',67.00000,20.00000,14.00000,'77W','25N'),(1464.00000,'1993-10-05 00:00:00','15:13:00',28.00000,'00:49:00','Brazil',144.00000,20.00000,14.00000,'42W','22S'),(1465.00000,'1993-10-07 00:00:00','09:39:00',42.00000,'00:27:00','Canada',102.00000,17.00000,14.00000,'90W','45N'),(1466.00000,'1993-10-07 00:00:00','15:10:00',41.00000,'00:51:00','Pensylvania',176.00000,18.00000,14.00000,'68W','41N'),(1467.00000,'1993-10-08 00:00:00','13:30:00',41.00000,'00:39:00','Australia',124.00000,20.00000,14.00000,'155E','36S'),(1468.00000,'1993-10-08 00:00:00','15:34:00',5.00000,'00:21:00','Fiji',36.00000,20.00000,14.00000,'175E','48S'),(1469.00000,'1993-10-09 00:00:00','10:09:00',42.00000,'01:00:00','Malaysia',180.00000,19.00000,14.00000,'101E','32S'),(1470.00000,'1993-11-05 00:00:00','16:25:00',22.09000,'00:04:00','Sweden',22.00000,5.25000,14.00000,'8E','47N');
/*!40000 ALTER TABLE `alladinlogs` ENABLE KEYS */;
UNLOCK TABLES;
/*!40103 SET TIME_ZONE=@OLD_TIME_ZONE */;

/*!40101 SET SQL_MODE=@OLD_SQL_MODE */;
/*!40014 SET FOREIGN_KEY_CHECKS=@OLD_FOREIGN_KEY_CHECKS */;
/*!40014 SET UNIQUE_CHECKS=@OLD_UNIQUE_CHECKS */;
/*!40101 SET CHARACTER_SET_CLIENT=@OLD_CHARACTER_SET_CLIENT */;
/*!40101 SET CHARACTER_SET_RESULTS=@OLD_CHARACTER_SET_RESULTS */;
/*!40101 SET COLLATION_CONNECTION=@OLD_COLLATION_CONNECTION */;
/*!40111 SET SQL_NOTES=@OLD_SQL_NOTES */;

-- Dump completed on 2007-02-12 14:06:55
